Device_Major_Number,Device_Minor_Number,CPU_Core_ID,Record_ID,Timestamp_nanoseconds,ProcessID,Trace_Action,OperationType,SectorNumber,IO_Size,ProcessName
259,2,0,25120,34.971275065,388,D,W,274464,8,[kworker/0:1H]
259,2,0,25144,35.422959581,388,D,W,274464,8,[kworker/0:1H]
259,2,0,25145,35.422961806,388,D,W,7549440,240,[kworker/0:1H]
259,2,0,28880,40.427692901,388,D,W,95830016,2048,[kworker/0:1H]
259,2,0,28884,40.427772598,388,D,W,95832064,2048,[kworker/0:1H]
259,2,0,28888,40.427850702,388,D,W,95834112,2048,[kworker/0:1H]
259,2,0,28892,40.427928813,388,D,W,95836160,2048,[kworker/0:1H]
259,2,0,28896,40.428006222,388,D,W,95838208,2048,[kworker/0:1H]
259,2,0,28900,40.428084194,388,D,W,95840256,2048,[kworker/0:1H]
259,2,0,28904,40.428161259,388,D,W,95842304,2048,[kworker/0:1H]
259,2,0,28908,40.428238427,388,D,W,95844352,2048,[kworker/0:1H]
259,2,0,28912,40.428537195,388,D,W,95846400,2048,[kworker/0:1H]
259,2,0,28916,40.428615209,388,D,W,95848448,2048,[kworker/0:1H]
259,2,0,28920,40.428691997,388,D,W,95850496,2048,[kworker/0:1H]
259,2,0,28924,40.428770472,388,D,W,95852544,2048,[kworker/0:1H]
259,2,0,28928,40.428847358,388,D,W,95854592,2048,[kworker/0:1H]
259,2,0,28932,40.428925758,388,D,W,95856640,2048,[kworker/0:1H]
259,2,0,28936,40.429003336,388,D,W,95858688,2048,[kworker/0:1H]
259,2,0,28940,40.429082341,388,D,W,95860736,2048,[kworker/0:1H]
259,2,0,28944,40.429384593,388,D,W,95862784,2048,[kworker/0:1H]
259,2,0,28948,40.429462988,388,D,W,95864832,2048,[kworker/0:1H]
259,2,0,28952,40.429539619,388,D,W,95866880,2048,[kworker/0:1H]
259,2,0,28956,40.429616090,388,D,W,95868928,2048,[kworker/0:1H]
259,2,0,28960,40.429692954,388,D,W,95870976,2048,[kworker/0:1H]
259,2,0,28964,40.429770055,388,D,W,95873024,2048,[kworker/0:1H]
259,2,0,28968,40.429846495,388,D,W,95875072,2048,[kworker/0:1H]
259,2,0,28972,40.429923735,388,D,W,95877120,2048,[kworker/0:1H]
259,2,0,28976,40.430225018,388,D,W,95879168,2048,[kworker/0:1H]
259,2,0,28980,40.430303632,388,D,W,95881216,2048,[kworker/0:1H]
259,2,0,28984,40.430380545,388,D,W,95883264,2048,[kworker/0:1H]
259,2,0,28988,40.430457042,388,D,W,95885312,2048,[kworker/0:1H]
259,2,0,28992,40.430534347,388,D,W,95887360,2048,[kworker/0:1H]
259,2,0,28996,40.430609573,388,D,W,95889408,2048,[kworker/0:1H]
259,2,0,29000,40.430686621,388,D,W,95891456,2048,[kworker/0:1H]
259,2,0,29004,40.430764266,388,D,W,95893504,2048,[kworker/0:1H]
259,2,0,29008,40.431073615,388,D,W,95895552,2048,[kworker/0:1H]
259,2,0,29012,40.431152346,388,D,W,95897600,2048,[kworker/0:1H]
259,2,0,29016,40.431230430,388,D,W,95899648,2048,[kworker/0:1H]
259,2,0,29020,40.431307958,388,D,W,95901696,2048,[kworker/0:1H]
259,2,0,29024,40.431386874,388,D,W,95903744,2048,[kworker/0:1H]
259,2,0,29028,40.431464341,388,D,W,95905792,2048,[kworker/0:1H]
259,2,0,29032,40.431542764,388,D,W,95907840,2048,[kworker/0:1H]
259,2,0,29036,40.431620394,388,D,W,95909888,2048,[kworker/0:1H]
259,2,0,29040,40.431923259,388,D,W,95911936,2048,[kworker/0:1H]
259,2,0,29044,40.432003393,388,D,W,95913984,2048,[kworker/0:1H]
259,2,0,29048,40.432083272,388,D,W,95916032,2048,[kworker/0:1H]
259,2,0,29052,40.432163106,388,D,W,95918080,2048,[kworker/0:1H]
259,2,0,29056,40.432242245,388,D,W,95920128,2048,[kworker/0:1H]
259,2,0,29060,40.432321606,388,D,W,95922176,2048,[kworker/0:1H]
259,2,0,29064,40.432400662,388,D,W,95924224,2048,[kworker/0:1H]
259,2,0,29068,40.432481016,388,D,W,95926272,2048,[kworker/0:1H]
259,2,0,29072,40.432781772,388,D,W,95928320,2048,[kworker/0:1H]
259,2,0,29076,40.432861166,388,D,W,95930368,2048,[kworker/0:1H]
259,2,0,29080,40.432938163,388,D,W,95932416,2048,[kworker/0:1H]
259,2,0,29084,40.433016743,388,D,W,95934464,2048,[kworker/0:1H]
259,2,0,29088,40.433092549,388,D,W,95936512,2048,[kworker/0:1H]
259,2,0,29092,40.433169460,388,D,W,95938560,2048,[kworker/0:1H]
259,2,0,29096,40.433246019,388,D,W,95940608,2048,[kworker/0:1H]
259,2,0,29100,40.433325416,388,D,W,95942656,2048,[kworker/0:1H]
259,2,0,29104,40.433629344,388,D,W,95944704,2048,[kworker/0:1H]
259,2,0,29108,40.433708761,388,D,W,95946752,2048,[kworker/0:1H]
259,2,0,29112,40.433787361,388,D,W,95948800,2048,[kworker/0:1H]
259,2,0,29116,40.433865385,388,D,W,95950848,2048,[kworker/0:1H]
259,2,0,29120,40.433943987,388,D,W,95952896,2048,[kworker/0:1H]
259,2,0,29124,40.434021798,388,D,W,95954944,2048,[kworker/0:1H]
259,2,0,29128,40.434100418,388,D,W,95956992,2048,[kworker/0:1H]
259,2,0,29132,40.434179172,388,D,W,95959040,2048,[kworker/0:1H]
259,2,0,29136,40.434477932,388,D,W,95961088,2048,[kworker/0:1H]
259,2,0,29140,40.434555675,388,D,W,95963136,2048,[kworker/0:1H]
259,2,0,29144,40.434631669,388,D,W,95965184,2048,[kworker/0:1H]
259,2,0,29148,40.434707817,388,D,W,95967232,2048,[kworker/0:1H]
259,2,0,29152,40.434784496,388,D,W,95969280,2048,[kworker/0:1H]
259,2,0,29156,40.434860660,388,D,W,95971328,2048,[kworker/0:1H]
259,2,0,29160,40.434936636,388,D,W,95973376,2048,[kworker/0:1H]
259,2,0,29164,40.435016579,388,D,W,95975424,2048,[kworker/0:1H]
259,2,0,29168,40.435120166,388,D,W,95977472,1976,[kworker/0:1H]
259,2,25,37961,65.484099368,11922,D,W,0,8,[kworker/25:1H]
259,2,25,39069,70.490970517,11922,D,W,7549680,8,[kworker/25:1H]
259,2,25,39205,71.310991169,11922,D,W,7549680,8,[kworker/25:1H]
259,2,25,39206,71.310992920,11922,D,W,90344448,256,[kworker/25:1H]
259,2,25,39207,71.310993408,11922,D,W,90344704,8,[kworker/25:1H]
259,2,25,39208,71.310993876,11922,D,W,7549672,8,[kworker/25:1H]
259,2,25,39209,71.311001253,11922,D,W,95979448,2048,[kworker/25:1H]
259,2,25,39210,71.311017307,11922,D,W,95981496,2048,[kworker/25:1H]
259,2,25,39211,71.311023316,11922,D,W,95983544,2048,[kworker/25:1H]
259,2,25,39212,71.311029325,11922,D,W,95985592,2048,[kworker/25:1H]
259,2,25,39213,71.311035612,11922,D,W,95987640,2048,[kworker/25:1H]
259,2,25,39214,71.311041569,11922,D,W,95989688,2048,[kworker/25:1H]
259,2,25,39215,71.311047421,11922,D,W,95991736,2048,[kworker/25:1H]
259,2,25,39216,71.311053216,11922,D,W,95993784,2048,[kworker/25:1H]
259,2,25,39217,71.311059653,11922,D,W,95995832,2048,[kworker/25:1H]
259,2,25,39218,71.311065620,11922,D,W,95997880,2048,[kworker/25:1H]
259,2,25,39219,71.311071487,11922,D,W,95999928,2048,[kworker/25:1H]
259,2,25,39220,71.311077293,11922,D,W,96001976,2048,[kworker/25:1H]
259,2,25,39221,71.311083411,11922,D,W,96004024,2048,[kworker/25:1H]
259,2,25,39222,71.311090175,11922,D,W,96006072,2048,[kworker/25:1H]
259,2,25,39223,71.311096027,11922,D,W,96008120,2048,[kworker/25:1H]
259,2,25,39224,71.311102454,11922,D,W,96010168,2048,[kworker/25:1H]
259,2,25,39225,71.311108389,11922,D,W,96012216,2048,[kworker/25:1H]
259,2,25,39226,71.311114274,11922,D,W,96014264,2048,[kworker/25:1H]
259,2,25,39227,71.311120432,11922,D,W,96016312,2048,[kworker/25:1H]
259,2,25,39228,71.311127036,11922,D,W,96018360,2048,[kworker/25:1H]
259,2,25,39229,71.311133170,11922,D,W,96020408,2048,[kworker/25:1H]
259,2,25,39230,71.311139091,11922,D,W,96022456,2048,[kworker/25:1H]
259,2,25,39231,71.311145219,11922,D,W,96024504,2048,[kworker/25:1H]
259,2,25,39232,71.311146065,11922,D,W,96026552,72,[kworker/25:1H]
259,2,25,39233,71.311152016,11922,D,W,96124928,2048,[kworker/25:1H]
259,2,25,39234,71.311158427,11922,D,W,96126976,2048,[kworker/25:1H]
259,2,25,39235,71.311164434,11922,D,W,96129024,2048,[kworker/25:1H]
259,2,25,39236,71.311170782,11922,D,W,96131072,2048,[kworker/25:1H]
259,2,25,39237,71.311177216,11922,D,W,96133120,2048,[kworker/25:1H]
259,2,25,39238,71.311183221,11922,D,W,96135168,2048,[kworker/25:1H]
259,2,25,39239,71.311189111,11922,D,W,96137216,2048,[kworker/25:1H]
259,2,25,39240,71.311195330,11922,D,W,96139264,2048,[kworker/25:1H]
259,2,25,39241,71.311201109,11922,D,W,96141312,2048,[kworker/25:1H]
259,2,25,39242,71.311207474,11922,D,W,96143360,2048,[kworker/25:1H]
259,2,25,39243,71.311213944,11922,D,W,96145408,2048,[kworker/25:1H]
259,2,25,39244,71.311220396,11922,D,W,96147456,2048,[kworker/25:1H]
259,2,25,39248,71.311234281,11922,D,W,96149504,2048,[kworker/25:1H]
259,2,25,39252,71.311314421,11922,D,W,96151552,2048,[kworker/25:1H]
259,2,25,39256,71.311395775,11922,D,W,96153600,2048,[kworker/25:1H]
259,2,25,39260,71.311432551,11922,D,W,96155648,872,[kworker/25:1H]
259,2,7,48699,74.311060757,945,D,W,313917888,64,[kworker/7:1H]
259,2,14,46779,80.540102984,10919,D,W,543569216,16,[kworker/14:1H]
259,2,12,41383,85.922942928,8213,D,W,21386872,56,[kworker/12:1H]
259,2,9,45869,86.824141803,5399,D,W,475136,2048,[kworker/9:1H]
259,2,9,45873,86.824227643,5399,D,W,477184,2048,[kworker/9:1H]
259,2,9,45877,86.824311983,5399,D,W,479232,2048,[kworker/9:1H]
259,2,9,45881,86.824397447,5399,D,W,481280,2048,[kworker/9:1H]
259,2,9,45885,86.824480362,5399,D,W,483328,2048,[kworker/9:1H]
259,2,9,45889,86.824566331,5399,D,W,485376,2048,[kworker/9:1H]
259,2,9,45893,86.824655280,5399,D,W,487424,2048,[kworker/9:1H]
259,2,9,45897,86.824746691,5399,D,W,489472,2048,[kworker/9:1H]
259,2,9,45901,86.825037317,5399,D,W,491520,2048,[kworker/9:1H]
259,2,9,45905,86.825114253,5399,D,W,493568,2048,[kworker/9:1H]
259,2,9,45909,86.825189898,5399,D,W,495616,2048,[kworker/9:1H]
259,2,9,45913,86.825264523,5399,D,W,497664,2048,[kworker/9:1H]
259,2,9,45917,86.825340315,5399,D,W,499712,2048,[kworker/9:1H]
259,2,9,45921,86.825415098,5399,D,W,501760,2048,[kworker/9:1H]
259,2,9,45925,86.825489882,5399,D,W,503808,2048,[kworker/9:1H]
259,2,9,45929,86.825568198,5399,D,W,505856,2048,[kworker/9:1H]
259,2,9,45933,86.825852019,5399,D,W,507904,2048,[kworker/9:1H]
259,2,9,45937,86.825927517,5399,D,W,509952,2048,[kworker/9:1H]
259,2,9,45941,86.826002096,5399,D,W,512000,2048,[kworker/9:1H]
259,2,9,45945,86.826076128,5399,D,W,514048,2048,[kworker/9:1H]
259,2,9,45949,86.826151537,5399,D,W,516096,2048,[kworker/9:1H]
259,2,9,45953,86.826225671,5399,D,W,518144,2048,[kworker/9:1H]
259,2,9,45957,86.826299999,5399,D,W,520192,2048,[kworker/9:1H]
259,2,9,45961,86.826374277,5399,D,W,522240,2048,[kworker/9:1H]
259,2,9,45965,86.826644306,5399,D,W,524288,2048,[kworker/9:1H]
259,2,9,45969,86.826718877,5399,D,W,526336,2048,[kworker/9:1H]
259,2,9,45973,86.826793924,5399,D,W,528384,2048,[kworker/9:1H]
259,2,9,45977,86.826868921,5399,D,W,530432,2048,[kworker/9:1H]
259,2,9,45981,86.826943046,5399,D,W,532480,2048,[kworker/9:1H]
259,2,9,45985,86.827022175,5399,D,W,534528,2048,[kworker/9:1H]
259,2,9,45989,86.827096864,5399,D,W,536576,2048,[kworker/9:1H]
259,2,9,45993,86.827172544,5399,D,W,538624,2048,[kworker/9:1H]
259,2,9,45997,86.827455336,5399,D,W,540672,2048,[kworker/9:1H]
259,2,9,46001,86.827530266,5399,D,W,542720,2048,[kworker/9:1H]
259,2,9,46005,86.827604869,5399,D,W,544768,2048,[kworker/9:1H]
259,2,9,46009,86.827678630,5399,D,W,546816,2048,[kworker/9:1H]
259,2,9,46013,86.827753392,5399,D,W,548864,2048,[kworker/9:1H]
259,2,9,46017,86.827829317,5399,D,W,550912,2048,[kworker/9:1H]
259,2,9,46021,86.827905690,5399,D,W,552960,2048,[kworker/9:1H]
259,2,9,46025,86.827982470,5399,D,W,555008,2048,[kworker/9:1H]
259,2,9,46029,86.828117805,5399,D,W,557056,2048,[kworker/9:1H]
259,2,9,46033,86.828192627,5399,D,W,559104,2048,[kworker/9:1H]
259,2,9,46037,86.828219901,5399,D,W,561152,640,[kworker/9:1H]
259,2,9,46041,86.828777129,5399,D,W,507772928,2048,[kworker/9:1H]
259,2,9,46045,86.828848845,5399,D,W,507774976,2048,[kworker/9:1H]
259,2,9,46049,86.828920836,5399,D,W,507777024,2048,[kworker/9:1H]
259,2,9,46053,86.828992935,5399,D,W,507779072,2048,[kworker/9:1H]
259,2,9,46057,86.829064820,5399,D,W,507781120,2048,[kworker/9:1H]
259,2,9,46061,86.829136864,5399,D,W,507783168,2048,[kworker/9:1H]
259,2,9,46065,86.829208006,5399,D,W,507785216,2048,[kworker/9:1H]
259,2,9,46069,86.829281398,5399,D,W,507787264,2048,[kworker/9:1H]
259,2,9,46073,86.829524842,5399,D,W,507789312,2048,[kworker/9:1H]
259,2,9,46077,86.829597794,5399,D,W,507791360,2048,[kworker/9:1H]
259,2,9,46081,86.829669248,5399,D,W,507793408,2048,[kworker/9:1H]
259,2,9,46085,86.829741181,5399,D,W,507795456,2048,[kworker/9:1H]
259,2,9,46089,86.829812014,5399,D,W,507797504,2048,[kworker/9:1H]
259,2,9,46093,86.829883451,5399,D,W,507799552,2048,[kworker/9:1H]
259,2,9,46097,86.829955210,5399,D,W,507801600,2048,[kworker/9:1H]
259,2,9,46101,86.830027572,5399,D,W,507803648,2048,[kworker/9:1H]
259,2,9,46105,86.830269840,5399,D,W,507805696,2048,[kworker/9:1H]
259,2,9,46109,86.830341906,5399,D,W,507807744,2048,[kworker/9:1H]
259,2,9,46113,86.830413771,5399,D,W,507809792,2048,[kworker/9:1H]
259,2,9,46117,86.830485646,5399,D,W,507811840,2048,[kworker/9:1H]
259,2,9,46121,86.830557385,5399,D,W,507813888,2048,[kworker/9:1H]
259,2,9,46125,86.830629364,5399,D,W,507815936,2048,[kworker/9:1H]
259,2,9,46129,86.830703176,5399,D,W,507817984,2048,[kworker/9:1H]
259,2,9,46133,86.830777141,5399,D,W,507820032,2048,[kworker/9:1H]
259,2,9,46137,86.831021071,5399,D,W,507822080,2048,[kworker/9:1H]
259,2,9,46141,86.831095332,5399,D,W,507824128,2048,[kworker/9:1H]
259,2,9,46145,86.831169163,5399,D,W,507826176,2048,[kworker/9:1H]
259,2,9,46149,86.831243530,5399,D,W,507828224,2048,[kworker/9:1H]
259,2,9,46153,86.831316419,5399,D,W,507830272,2048,[kworker/9:1H]
259,2,9,46157,86.831388991,5399,D,W,507832320,2048,[kworker/9:1H]
259,2,9,46161,86.831461585,5399,D,W,507834368,2048,[kworker/9:1H]
259,2,9,46165,86.831535593,5399,D,W,507836416,2048,[kworker/9:1H]
259,2,9,46169,86.831779548,5399,D,W,507838464,2048,[kworker/9:1H]
259,2,9,46173,86.831853781,5399,D,W,507840512,2048,[kworker/9:1H]
259,2,9,46177,86.831927594,5399,D,W,507842560,2048,[kworker/9:1H]
259,2,9,46181,86.832001669,5399,D,W,507844608,2048,[kworker/9:1H]
259,2,9,46185,86.832074668,5399,D,W,507846656,2048,[kworker/9:1H]
259,2,9,46189,86.832149060,5399,D,W,507848704,2048,[kworker/9:1H]
259,2,9,46193,86.832222184,5399,D,W,507850752,2048,[kworker/9:1H]
259,2,9,46197,86.832296764,5399,D,W,507852800,2048,[kworker/9:1H]
259,2,9,46201,86.832542274,5399,D,W,507854848,2048,[kworker/9:1H]
259,2,9,46205,86.832614420,5399,D,W,507856896,2048,[kworker/9:1H]
259,2,9,46209,86.832687184,5399,D,W,507858944,2048,[kworker/9:1H]
259,2,9,46213,86.832761068,5399,D,W,507860992,2048,[kworker/9:1H]
259,2,9,46217,86.832833375,5399,D,W,507863040,2048,[kworker/9:1H]
259,2,9,46221,86.832905172,5399,D,W,507865088,2048,[kworker/9:1H]
259,2,9,46225,86.832977626,5399,D,W,507867136,2048,[kworker/9:1H]
259,2,9,46229,86.833053938,5399,D,W,507869184,2048,[kworker/9:1H]
259,2,9,46233,86.833251487,5399,D,W,507871232,2048,[kworker/9:1H]
259,2,9,46237,86.833325334,5399,D,W,507873280,2048,[kworker/9:1H]
259,2,9,46241,86.833398727,5399,D,W,507875328,2048,[kworker/9:1H]
259,2,9,46245,86.833472212,5399,D,W,507877376,2048,[kworker/9:1H]
259,2,9,46249,86.833544136,5399,D,W,507879424,2048,[kworker/9:1H]
259,2,9,46253,86.833614321,5399,D,W,507881472,1968,[kworker/9:1H]
259,2,9,46257,86.834148369,5399,D,W,648544256,2048,[kworker/9:1H]
259,2,9,46261,86.834223282,5399,D,W,648546304,2048,[kworker/9:1H]
259,2,9,46265,86.834299844,5399,D,W,648548352,2048,[kworker/9:1H]
259,2,9,46269,86.834376109,5399,D,W,648550400,2048,[kworker/9:1H]
259,2,9,46273,86.834452504,5399,D,W,648552448,2048,[kworker/9:1H]
259,2,9,46277,86.834530799,5399,D,W,648554496,2048,[kworker/9:1H]
259,2,9,46281,86.834607236,5399,D,W,648556544,2048,[kworker/9:1H]
259,2,9,46285,86.834684770,5399,D,W,648558592,2048,[kworker/9:1H]
259,2,9,46289,86.834929375,5399,D,W,648560640,2048,[kworker/9:1H]
259,2,9,46293,86.835010480,5399,D,W,648562688,2048,[kworker/9:1H]
259,2,9,46297,86.835087125,5399,D,W,648564736,2048,[kworker/9:1H]
259,2,9,46301,86.835163758,5399,D,W,648566784,2048,[kworker/9:1H]
259,2,9,46305,86.835241724,5399,D,W,648568832,2048,[kworker/9:1H]
259,2,9,46309,86.835317835,5399,D,W,648570880,2048,[kworker/9:1H]
259,2,9,46313,86.835393824,5399,D,W,648572928,2048,[kworker/9:1H]
259,2,9,46317,86.835471246,5399,D,W,648574976,2048,[kworker/9:1H]
259,2,9,46321,86.835717083,5399,D,W,648577024,2048,[kworker/9:1H]
259,2,9,46325,86.835793546,5399,D,W,648579072,2048,[kworker/9:1H]
259,2,9,46329,86.835870945,5399,D,W,648581120,2048,[kworker/9:1H]
259,2,9,46333,86.835948391,5399,D,W,648583168,2048,[kworker/9:1H]
259,2,9,46337,86.836023972,5399,D,W,648585216,2048,[kworker/9:1H]
259,2,9,46341,86.836101022,5399,D,W,648587264,2048,[kworker/9:1H]
259,2,9,46345,86.836177432,5399,D,W,648589312,2048,[kworker/9:1H]
259,2,9,46349,86.836253216,5399,D,W,648591360,2048,[kworker/9:1H]
259,2,9,46353,86.836502734,5399,D,W,648593408,2048,[kworker/9:1H]
259,2,9,46357,86.836578788,5399,D,W,648595456,2048,[kworker/9:1H]
259,2,9,46361,86.836655863,5399,D,W,648597504,2048,[kworker/9:1H]
259,2,9,46365,86.836732622,5399,D,W,648599552,2048,[kworker/9:1H]
259,2,9,46369,86.836807452,5399,D,W,648601600,2048,[kworker/9:1H]
259,2,9,46373,86.836884558,5399,D,W,648603648,2048,[kworker/9:1H]
259,2,9,46377,86.836959839,5399,D,W,648605696,2048,[kworker/9:1H]
259,2,9,46381,86.837037262,5399,D,W,648607744,2048,[kworker/9:1H]
259,2,9,46385,86.837285569,5399,D,W,648609792,2048,[kworker/9:1H]
259,2,9,46389,86.837362147,5399,D,W,648611840,2048,[kworker/9:1H]
259,2,9,46393,86.837439854,5399,D,W,648613888,2048,[kworker/9:1H]
259,2,9,46397,86.837517633,5399,D,W,648615936,2048,[kworker/9:1H]
259,2,9,46401,86.837594095,5399,D,W,648617984,2048,[kworker/9:1H]
259,2,9,46405,86.837671224,5399,D,W,648620032,2048,[kworker/9:1H]
259,2,9,46409,86.837748661,5399,D,W,648622080,2048,[kworker/9:1H]
259,2,9,46413,86.837824098,5399,D,W,648624128,2048,[kworker/9:1H]
259,2,9,46417,86.838066447,5399,D,W,648626176,2048,[kworker/9:1H]
259,2,9,46421,86.838143281,5399,D,W,648628224,2048,[kworker/9:1H]
259,2,9,46425,86.838218631,5399,D,W,648630272,2048,[kworker/9:1H]
259,2,9,46429,86.838294079,5399,D,W,648632320,2048,[kworker/9:1H]
259,2,9,46433,86.838369397,5399,D,W,648634368,2048,[kworker/9:1H]
259,2,9,46437,86.838445444,5399,D,W,648636416,2048,[kworker/9:1H]
259,2,9,46441,86.838521948,5399,D,W,648638464,2048,[kworker/9:1H]
259,2,9,46445,86.838599510,5399,D,W,648640512,2048,[kworker/9:1H]
259,2,9,46449,86.838842624,5399,D,W,648642560,2048,[kworker/9:1H]
259,2,9,46453,86.838917264,5399,D,W,648644608,2048,[kworker/9:1H]
259,2,9,46457,86.838996827,5399,D,W,648646656,2048,[kworker/9:1H]
259,2,9,46461,86.839072684,5399,D,W,648648704,2048,[kworker/9:1H]
259,2,9,46465,86.839148110,5399,D,W,648650752,2048,[kworker/9:1H]
259,2,9,46469,86.839222564,5399,D,W,648652800,2048,[kworker/9:1H]
259,2,9,46473,86.839296811,5399,D,W,648654848,2048,[kworker/9:1H]
259,2,9,46477,86.839374064,5399,D,W,648656896,2048,[kworker/9:1H]
259,2,9,46481,86.839536985,5399,D,W,648658944,2048,[kworker/9:1H]
259,2,9,46485,86.839614535,5399,D,W,648660992,2048,[kworker/9:1H]
259,2,9,46489,86.839690995,5399,D,W,648663040,2048,[kworker/9:1H]
259,2,9,46493,86.839765825,5399,D,W,648665088,1944,[kworker/9:1H]
259,2,9,46497,86.840298542,5399,D,W,691273728,2048,[kworker/9:1H]
259,2,9,46501,86.840373905,5399,D,W,691275776,2048,[kworker/9:1H]
259,2,9,46505,86.840451200,5399,D,W,691277824,2048,[kworker/9:1H]
259,2,9,46509,86.840527768,5399,D,W,691279872,2048,[kworker/9:1H]
259,2,9,46513,86.840603018,5399,D,W,691281920,2048,[kworker/9:1H]
259,2,9,46517,86.840678255,5399,D,W,691283968,2048,[kworker/9:1H]
259,2,9,46521,86.840753259,5399,D,W,691286016,2048,[kworker/9:1H]
259,2,9,46525,86.840827747,5399,D,W,691288064,2048,[kworker/9:1H]
259,2,9,46529,86.841070579,5399,D,W,691290112,2048,[kworker/9:1H]
259,2,9,46533,86.841145343,5399,D,W,691292160,2048,[kworker/9:1H]
259,2,9,46537,86.841220727,5399,D,W,691294208,2048,[kworker/9:1H]
259,2,9,46541,86.841295766,5399,D,W,691296256,2048,[kworker/9:1H]
259,2,9,46545,86.841369775,5399,D,W,691298304,2048,[kworker/9:1H]
259,2,9,46549,86.841444454,5399,D,W,691300352,2048,[kworker/9:1H]
259,2,9,46553,86.841519373,5399,D,W,691302400,2048,[kworker/9:1H]
259,2,9,46557,86.841594851,5399,D,W,691304448,2048,[kworker/9:1H]
259,2,9,46561,86.841839548,5399,D,W,691306496,2048,[kworker/9:1H]
259,2,9,46565,86.841914669,5399,D,W,691308544,2048,[kworker/9:1H]
259,2,9,46569,86.841990216,5399,D,W,691310592,2048,[kworker/9:1H]
259,2,9,46573,86.842064832,5399,D,W,691312640,2048,[kworker/9:1H]
259,2,9,46577,86.842139905,5399,D,W,691314688,2048,[kworker/9:1H]
259,2,9,46581,86.842215002,5399,D,W,691316736,2048,[kworker/9:1H]
259,2,9,46585,86.842293632,5399,D,W,691318784,2048,[kworker/9:1H]
259,2,9,46589,86.842372432,5399,D,W,691320832,2048,[kworker/9:1H]
259,2,9,46593,86.842616990,5399,D,W,691322880,2048,[kworker/9:1H]
259,2,9,46597,86.842694482,5399,D,W,691324928,2048,[kworker/9:1H]
259,2,9,46601,86.842773464,5399,D,W,691326976,2048,[kworker/9:1H]
259,2,9,46605,86.842850698,5399,D,W,691329024,2048,[kworker/9:1H]
259,2,9,46609,86.842927680,5399,D,W,691331072,2048,[kworker/9:1H]
259,2,9,46613,86.843006972,5399,D,W,691333120,2048,[kworker/9:1H]
259,2,9,46617,86.843082829,5399,D,W,691335168,2048,[kworker/9:1H]
259,2,9,46621,86.843158869,5399,D,W,691337216,2048,[kworker/9:1H]
259,2,9,46625,86.843407742,5399,D,W,691339264,2048,[kworker/9:1H]
259,2,9,46629,86.843482693,5399,D,W,691341312,2048,[kworker/9:1H]
259,2,9,46633,86.843557833,5399,D,W,691343360,2048,[kworker/9:1H]
259,2,9,46637,86.843631259,5399,D,W,691345408,2048,[kworker/9:1H]
259,2,9,46641,86.843706664,5399,D,W,691347456,2048,[kworker/9:1H]
259,2,9,46645,86.843780948,5399,D,W,691349504,2048,[kworker/9:1H]
259,2,9,46649,86.843859322,5399,D,W,691351552,2048,[kworker/9:1H]
259,2,9,46653,86.843936978,5399,D,W,691353600,2048,[kworker/9:1H]
259,2,9,46657,86.844184329,5399,D,W,691355648,2048,[kworker/9:1H]
259,2,9,46661,86.844261442,5399,D,W,691357696,2048,[kworker/9:1H]
259,2,9,46665,86.844338554,5399,D,W,691359744,2048,[kworker/9:1H]
259,2,9,46669,86.844414819,5399,D,W,691361792,2048,[kworker/9:1H]
259,2,9,46673,86.844490615,5399,D,W,691363840,2048,[kworker/9:1H]
259,2,9,46677,86.844567978,5399,D,W,691365888,2048,[kworker/9:1H]
259,2,9,46681,86.844643844,5399,D,W,691367936,2048,[kworker/9:1H]
259,2,9,46685,86.844719694,5399,D,W,691369984,2048,[kworker/9:1H]
259,2,9,46689,86.844835434,5399,D,W,691372032,2048,[kworker/9:1H]
259,2,9,46693,86.844908385,5399,D,W,691374080,1968,[kworker/9:1H]
259,2,9,48098,92.183689030,5399,D,W,47185920,2048,[kworker/9:1H]
259,2,9,48102,92.183827983,5399,D,W,47187968,2048,[kworker/9:1H]
259,2,9,48106,92.183965935,5399,D,W,47190016,2048,[kworker/9:1H]
259,2,9,48110,92.184102735,5399,D,W,47192064,2048,[kworker/9:1H]
259,2,9,48114,92.184240810,5399,D,W,47194112,2048,[kworker/9:1H]
259,2,9,48118,92.184375049,5399,D,W,47196160,2048,[kworker/9:1H]
259,2,9,48122,92.184495672,5399,D,W,47198208,2048,[kworker/9:1H]
259,2,9,48126,92.184619315,5399,D,W,47200256,2048,[kworker/9:1H]
259,2,9,48130,92.185021856,5399,D,W,47202304,2048,[kworker/9:1H]
259,2,9,48134,92.185133229,5399,D,W,47204352,2048,[kworker/9:1H]
259,2,9,48138,92.185243724,5399,D,W,47206400,2048,[kworker/9:1H]
259,2,9,48142,92.185354920,5399,D,W,47208448,2048,[kworker/9:1H]
259,2,9,48146,92.185465970,5399,D,W,47210496,2048,[kworker/9:1H]
259,2,9,48150,92.185576371,5399,D,W,47212544,2048,[kworker/9:1H]
259,2,9,48154,92.185685445,5399,D,W,47214592,2048,[kworker/9:1H]
259,2,9,48158,92.185798691,5399,D,W,47216640,2048,[kworker/9:1H]
259,2,9,48162,92.186197011,5399,D,W,47218688,2048,[kworker/9:1H]
259,2,9,48166,92.186308681,5399,D,W,47220736,2048,[kworker/9:1H]
259,2,9,48170,92.186419697,5399,D,W,47222784,2048,[kworker/9:1H]
259,2,9,48174,92.186530618,5399,D,W,47224832,2048,[kworker/9:1H]
259,2,9,48178,92.186642465,5399,D,W,47226880,2048,[kworker/9:1H]
259,2,9,48182,92.186753189,5399,D,W,47228928,2048,[kworker/9:1H]
259,2,9,48186,92.186864471,5399,D,W,47230976,2048,[kworker/9:1H]
259,2,9,48190,92.186983178,5399,D,W,47233024,2048,[kworker/9:1H]
259,2,9,48194,92.187385333,5399,D,W,47235072,2048,[kworker/9:1H]
259,2,9,48198,92.187496507,5399,D,W,47237120,2048,[kworker/9:1H]
259,2,9,48202,92.187607614,5399,D,W,47239168,2048,[kworker/9:1H]
259,2,9,48206,92.187721778,5399,D,W,47241216,2048,[kworker/9:1H]
259,2,9,48210,92.187831947,5399,D,W,47243264,2048,[kworker/9:1H]
259,2,9,48214,92.187944228,5399,D,W,47245312,2048,[kworker/9:1H]
259,2,9,48218,92.188054516,5399,D,W,47247360,2048,[kworker/9:1H]
259,2,9,48222,92.188167993,5399,D,W,47249408,2048,[kworker/9:1H]
259,2,9,48226,92.188563315,5399,D,W,47251456,2048,[kworker/9:1H]
259,2,9,48230,92.188673025,5399,D,W,47253504,2048,[kworker/9:1H]
259,2,9,48234,92.188784638,5399,D,W,47255552,2048,[kworker/9:1H]
259,2,9,48238,92.188898443,5399,D,W,47257600,2048,[kworker/9:1H]
259,2,9,48242,92.189011557,5399,D,W,47259648,2048,[kworker/9:1H]
259,2,9,48246,92.189122941,5399,D,W,47261696,2048,[kworker/9:1H]
259,2,9,48250,92.189236461,5399,D,W,47263744,2048,[kworker/9:1H]
259,2,9,48254,92.189350405,5399,D,W,47265792,2048,[kworker/9:1H]
259,2,9,48258,92.189748435,5399,D,W,47267840,2048,[kworker/9:1H]
259,2,9,48262,92.189860035,5399,D,W,47269888,2048,[kworker/9:1H]
259,2,9,48266,92.189972491,5399,D,W,47271936,2048,[kworker/9:1H]
259,2,9,48270,92.190086742,5399,D,W,47273984,2048,[kworker/9:1H]
259,2,9,48274,92.190198689,5399,D,W,47276032,2048,[kworker/9:1H]
259,2,9,48278,92.190309591,5399,D,W,47278080,2048,[kworker/9:1H]
259,2,9,48282,92.190421329,5399,D,W,47280128,2048,[kworker/9:1H]
259,2,9,48286,92.190537753,5399,D,W,47282176,2048,[kworker/9:1H]
259,2,9,48290,92.190935832,5399,D,W,47284224,2048,[kworker/9:1H]
259,2,9,48294,92.191049702,5399,D,W,47286272,2048,[kworker/9:1H]
259,2,9,48298,92.191162635,5399,D,W,47288320,2048,[kworker/9:1H]
259,2,9,48302,92.191275887,5399,D,W,47290368,2048,[kworker/9:1H]
259,2,9,48306,92.191388444,5399,D,W,47292416,2048,[kworker/9:1H]
259,2,9,48310,92.191501122,5399,D,W,47294464,2048,[kworker/9:1H]
259,2,9,48314,92.191613887,5399,D,W,47296512,2048,[kworker/9:1H]
259,2,9,48318,92.191727786,5399,D,W,47298560,2048,[kworker/9:1H]
259,2,9,48322,92.192052706,5399,D,W,47300608,2048,[kworker/9:1H]
259,2,9,48326,92.192162708,5399,D,W,47302656,2048,[kworker/9:1H]
259,2,9,48330,92.192273637,5399,D,W,47304704,2048,[kworker/9:1H]
259,2,9,48334,92.192384875,5399,D,W,47306752,2048,[kworker/9:1H]
259,2,9,48338,92.192497425,5399,D,W,47308800,2048,[kworker/9:1H]
259,2,9,48342,92.192604318,5399,D,W,47310848,1952,[kworker/9:1H]
259,2,9,50853,97.195329050,5399,D,W,200685232,2048,[kworker/9:1H]
259,2,9,50857,97.195403940,5399,D,W,200687280,2048,[kworker/9:1H]
259,2,9,50861,97.195476410,5399,D,W,200689328,2048,[kworker/9:1H]
259,2,9,50865,97.195549573,5399,D,W,200691376,2048,[kworker/9:1H]
259,2,9,50869,97.195622430,5399,D,W,200693424,2048,[kworker/9:1H]
259,2,9,50873,97.195694607,5399,D,W,200695472,2048,[kworker/9:1H]
259,2,9,50877,97.195767185,5399,D,W,200697520,2048,[kworker/9:1H]
259,2,9,50881,97.195840285,5399,D,W,200699568,2048,[kworker/9:1H]
259,2,9,50885,97.196083317,5399,D,W,200701616,2048,[kworker/9:1H]
259,2,9,50889,97.196155261,5399,D,W,200703664,2048,[kworker/9:1H]
259,2,9,50893,97.196226804,5399,D,W,200705712,2048,[kworker/9:1H]
259,2,9,50897,97.196298375,5399,D,W,200707760,2048,[kworker/9:1H]
259,2,9,50901,97.196370137,5399,D,W,200709808,2048,[kworker/9:1H]
259,2,9,50905,97.196441479,5399,D,W,200711856,2048,[kworker/9:1H]
259,2,9,50909,97.196512936,5399,D,W,200713904,2048,[kworker/9:1H]
259,2,9,50913,97.196586274,5399,D,W,200715952,2048,[kworker/9:1H]
259,2,9,50917,97.196809720,5399,D,W,200718000,2048,[kworker/9:1H]
259,2,9,50921,97.196881886,5399,D,W,200720048,2048,[kworker/9:1H]
259,2,9,50925,97.196954693,5399,D,W,200722096,2048,[kworker/9:1H]
259,2,9,50929,97.197047210,5399,D,W,200724144,832,[kworker/9:1H]
259,2,9,50933,97.197469933,5399,D,W,201588736,2048,[kworker/9:1H]
259,2,9,50937,97.197541470,5399,D,W,201590784,2048,[kworker/9:1H]
259,2,9,50941,97.197613152,5399,D,W,201592832,2048,[kworker/9:1H]
259,2,9,50945,97.197684825,5399,D,W,201594880,2048,[kworker/9:1H]
259,2,9,50949,97.197757290,5399,D,W,201596928,2048,[kworker/9:1H]
259,2,9,50953,97.197829165,5399,D,W,201598976,2048,[kworker/9:1H]
259,2,9,50957,97.197901110,5399,D,W,201601024,2048,[kworker/9:1H]
259,2,9,50961,97.197974789,5399,D,W,201603072,2048,[kworker/9:1H]
259,2,9,50965,97.198224157,5399,D,W,201605120,2048,[kworker/9:1H]
259,2,9,50969,97.198297308,5399,D,W,201607168,2048,[kworker/9:1H]
259,2,9,50973,97.198371358,5399,D,W,201609216,2048,[kworker/9:1H]
259,2,9,50977,97.198444813,5399,D,W,201611264,2048,[kworker/9:1H]
259,2,9,50981,97.198518976,5399,D,W,201613312,2048,[kworker/9:1H]
259,2,9,50985,97.198591592,5399,D,W,201615360,2048,[kworker/9:1H]
259,2,9,50989,97.198665638,5399,D,W,201617408,2048,[kworker/9:1H]
259,2,9,50993,97.198739194,5399,D,W,201619456,2048,[kworker/9:1H]
259,2,9,50997,97.198990850,5399,D,W,201621504,2048,[kworker/9:1H]
259,2,9,51001,97.199063164,5399,D,W,201623552,2048,[kworker/9:1H]
259,2,9,51005,97.199135356,5399,D,W,201625600,2048,[kworker/9:1H]
259,2,9,51009,97.199206864,5399,D,W,201627648,2048,[kworker/9:1H]
259,2,9,51013,97.199280393,5399,D,W,201629696,2048,[kworker/9:1H]
259,2,9,51017,97.199352413,5399,D,W,201631744,2048,[kworker/9:1H]
259,2,9,51021,97.199423911,5399,D,W,201633792,2048,[kworker/9:1H]
259,2,9,51025,97.199496931,5399,D,W,201635840,2048,[kworker/9:1H]
259,2,9,51029,97.199744908,5399,D,W,201637888,2048,[kworker/9:1H]
259,2,9,51033,97.199816702,5399,D,W,201639936,2048,[kworker/9:1H]
259,2,9,51037,97.199888257,5399,D,W,201641984,2048,[kworker/9:1H]
259,2,9,51041,97.199960535,5399,D,W,201644032,2048,[kworker/9:1H]
259,2,9,51045,97.200033751,5399,D,W,201646080,2048,[kworker/9:1H]
259,2,9,51049,97.200105882,5399,D,W,201648128,2048,[kworker/9:1H]
259,2,9,51053,97.200178326,5399,D,W,201650176,2048,[kworker/9:1H]
259,2,9,51057,97.200251904,5399,D,W,201652224,2048,[kworker/9:1H]
259,2,9,51061,97.200494860,5399,D,W,201654272,2048,[kworker/9:1H]
259,2,9,51065,97.200568192,5399,D,W,201656320,2048,[kworker/9:1H]
259,2,9,51069,97.200640934,5399,D,W,201658368,2048,[kworker/9:1H]
259,2,9,51073,97.200712934,5399,D,W,201660416,2048,[kworker/9:1H]
259,2,9,51077,97.200787432,5399,D,W,201662464,2048,[kworker/9:1H]
259,2,9,51081,97.200860006,5399,D,W,201664512,2048,[kworker/9:1H]
259,2,9,51085,97.200934050,5399,D,W,201666560,2048,[kworker/9:1H]
259,2,9,51089,97.201007905,5399,D,W,201668608,2048,[kworker/9:1H]
259,2,9,51093,97.201137735,5399,D,W,201670656,2048,[kworker/9:1H]
259,2,9,51097,97.201210678,5399,D,W,201672704,2048,[kworker/9:1H]
259,2,9,51101,97.201255336,5399,D,W,201674752,1176,[kworker/9:1H]
259,2,9,51105,97.201281357,5399,D,W,195166376,8,[kworker/9:1H]
259,2,9,51109,97.201796894,5399,D,W,247529728,2048,[kworker/9:1H]
259,2,9,51113,97.201872215,5399,D,W,247531776,2048,[kworker/9:1H]
259,2,9,51117,97.201947010,5399,D,W,247533824,2048,[kworker/9:1H]
259,2,9,51121,97.202021665,5399,D,W,247535872,2048,[kworker/9:1H]
259,2,9,51125,97.202096036,5399,D,W,247537920,2048,[kworker/9:1H]
259,2,9,51129,97.202169952,5399,D,W,247539968,2048,[kworker/9:1H]
259,2,9,51133,97.202243534,5399,D,W,247542016,2048,[kworker/9:1H]
259,2,9,51137,97.202318676,5399,D,W,247544064,2048,[kworker/9:1H]
259,2,9,51141,97.202566051,5399,D,W,247546112,2048,[kworker/9:1H]
259,2,9,51145,97.202642171,5399,D,W,247548160,2048,[kworker/9:1H]
259,2,9,51149,97.202717499,5399,D,W,247550208,2048,[kworker/9:1H]
259,2,9,51153,97.202793362,5399,D,W,247552256,2048,[kworker/9:1H]
259,2,9,51157,97.202868420,5399,D,W,247554304,2048,[kworker/9:1H]
259,2,9,51161,97.202942618,5399,D,W,247556352,2048,[kworker/9:1H]
259,2,9,51165,97.203021979,5399,D,W,247558400,2048,[kworker/9:1H]
259,2,9,51169,97.203098713,5399,D,W,247560448,2048,[kworker/9:1H]
259,2,9,51173,97.203348267,5399,D,W,247562496,2048,[kworker/9:1H]
259,2,9,51177,97.203423081,5399,D,W,247564544,2048,[kworker/9:1H]
259,2,9,51181,97.203498346,5399,D,W,247566592,2048,[kworker/9:1H]
259,2,9,51185,97.203580804,5399,D,W,247568640,2048,[kworker/9:1H]
259,2,9,51189,97.203676564,5399,D,W,247570688,2048,[kworker/9:1H]
259,2,9,51193,97.203768659,5399,D,W,247572736,2048,[kworker/9:1H]
259,2,9,51197,97.204083806,5399,D,W,247574784,2048,[kworker/9:1H]
259,2,9,51201,97.204224131,5399,D,W,247576832,2048,[kworker/9:1H]
259,2,9,54323,102.349153863,5399,D,W,90344704,256,[kworker/9:1H]
259,2,9,54327,102.349186001,5399,D,W,661022720,56,[kworker/9:1H]
259,2,9,54333,102.350073787,5399,D,W,464926336,2048,[kworker/9:1H]
259,2,9,54340,102.350198089,5399,D,W,464928384,2048,[kworker/9:1H]
259,2,9,54347,102.350324723,5399,D,W,464930432,2048,[kworker/9:1H]
259,2,9,54353,102.350502806,5399,D,W,464932480,2048,[kworker/9:1H]
259,2,9,54357,102.350613813,5399,D,W,464934528,2048,[kworker/9:1H]
259,2,9,54362,102.350790138,5399,D,W,464936576,2048,[kworker/9:1H]
259,2,9,54366,102.350899429,5399,D,W,464938624,2048,[kworker/9:1H]
259,2,9,54370,102.351016894,5399,D,W,464940672,2048,[kworker/9:1H]
259,2,9,54376,102.351536004,5399,D,W,464942720,2048,[kworker/9:1H]
259,2,9,54380,102.351647197,5399,D,W,464944768,2048,[kworker/9:1H]
259,2,9,54385,102.351817228,5399,D,W,464946816,2048,[kworker/9:1H]
259,2,9,54389,102.351920728,5399,D,W,464948864,2048,[kworker/9:1H]
259,2,9,54393,102.352022518,5399,D,W,464950912,2048,[kworker/9:1H]
259,2,9,54397,102.352130231,5399,D,W,464952960,2048,[kworker/9:1H]
259,2,9,54401,102.352239769,5399,D,W,464955008,2048,[kworker/9:1H]
259,2,9,54405,102.352346668,5399,D,W,464957056,2048,[kworker/9:1H]
259,2,9,54409,102.352740388,5399,D,W,464959104,2048,[kworker/9:1H]
259,2,9,54413,102.352852980,5399,D,W,464961152,2048,[kworker/9:1H]
259,2,9,54417,102.352964416,5399,D,W,464963200,2048,[kworker/9:1H]
259,2,9,54421,102.353077457,5399,D,W,464965248,2048,[kworker/9:1H]
259,2,9,54425,102.353189593,5399,D,W,464967296,2048,[kworker/9:1H]
259,2,9,54429,102.353302326,5399,D,W,464969344,2048,[kworker/9:1H]
259,2,9,54433,102.353414639,5399,D,W,464971392,2048,[kworker/9:1H]
259,2,9,54437,102.353528160,5399,D,W,464973440,2048,[kworker/9:1H]
259,2,9,54441,102.353922688,5399,D,W,464975488,2048,[kworker/9:1H]
259,2,9,54445,102.354035179,5399,D,W,464977536,2048,[kworker/9:1H]
259,2,9,54449,102.354147948,5399,D,W,464979584,2048,[kworker/9:1H]
259,2,9,54453,102.354261007,5399,D,W,464981632,2048,[kworker/9:1H]
259,2,9,54457,102.354372231,5399,D,W,464983680,2048,[kworker/9:1H]
259,2,9,54461,102.354475011,5399,D,W,464985728,2048,[kworker/9:1H]
259,2,9,54465,102.354584419,5399,D,W,464987776,2048,[kworker/9:1H]
259,2,9,54469,102.354691577,5399,D,W,464989824,2048,[kworker/9:1H]
259,2,9,54474,102.355130452,5399,D,W,464991872,2048,[kworker/9:1H]
259,2,9,54478,102.355238813,5399,D,W,464993920,2048,[kworker/9:1H]
259,2,9,54482,102.355344013,5399,D,W,464995968,2048,[kworker/9:1H]
259,2,9,54486,102.355458392,5399,D,W,464998016,2048,[kworker/9:1H]
259,2,9,54490,102.355571003,5399,D,W,465000064,2048,[kworker/9:1H]
259,2,9,54494,102.355682838,5399,D,W,465002112,2048,[kworker/9:1H]
259,2,9,54498,102.355795321,5399,D,W,465004160,2048,[kworker/9:1H]
259,2,9,54502,102.355908165,5399,D,W,465006208,2048,[kworker/9:1H]
259,2,9,54506,102.357124827,5399,D,W,465008256,2048,[kworker/9:1H]
259,2,9,54510,102.357343140,5399,D,W,465010304,2048,[kworker/9:1H]
259,2,9,54514,102.357576111,5399,D,W,465012352,2048,[kworker/9:1H]
259,2,9,54519,102.357873535,5399,D,W,465014400,2048,[kworker/9:1H]
259,2,9,54523,102.358098599,5399,D,W,465016448,2048,[kworker/9:1H]
259,2,9,54527,102.358327686,5399,D,W,465018496,2048,[kworker/9:1H]
259,2,9,54531,102.358557832,5399,D,W,465020544,2048,[kworker/9:1H]
259,2,9,54535,102.358788467,5399,D,W,465022592,2048,[kworker/9:1H]
259,2,9,54539,102.359298294,5399,D,W,465024640,2048,[kworker/9:1H]
259,2,9,54543,102.359535634,5399,D,W,465026688,2048,[kworker/9:1H]
259,2,9,54547,102.359774001,5399,D,W,465028736,2048,[kworker/9:1H]
259,2,9,54551,102.360016016,5399,D,W,465030784,2048,[kworker/9:1H]
259,2,9,54555,102.360242849,5399,D,W,465032832,2048,[kworker/9:1H]
259,2,9,54559,102.360474443,5399,D,W,465034880,2048,[kworker/9:1H]
259,2,9,54563,102.360710605,5399,D,W,465036928,2048,[kworker/9:1H]
259,2,9,54568,102.361022274,5399,D,W,465038976,2048,[kworker/9:1H]
259,2,9,54572,102.361400554,5399,D,W,465041024,2048,[kworker/9:1H]
259,2,9,54576,102.361551203,5399,D,W,465043072,384,[kworker/9:1H]
259,2,9,54580,102.361899145,5399,D,W,465187640,2048,[kworker/9:1H]
259,2,9,54584,102.362110719,5399,D,W,465189688,2048,[kworker/9:1H]
259,2,9,54588,102.362350982,5399,D,W,465191736,2048,[kworker/9:1H]
259,2,9,54592,102.362587756,5399,D,W,465193784,2048,[kworker/9:1H]
259,2,9,54597,102.362898636,5399,D,W,465195832,2048,[kworker/9:1H]
259,2,9,54601,102.363098327,5399,D,W,465197880,1568,[kworker/9:1H]
259,2,9,54714,102.706742504,5399,D,W,937164800,2048,[kworker/9:1H]
259,2,9,54718,102.706836942,5399,D,W,937166848,2048,[kworker/9:1H]
259,2,9,54722,102.706929346,5399,D,W,937168896,2048,[kworker/9:1H]
259,2,9,54726,102.707014947,5399,D,W,937170944,2048,[kworker/9:1H]
259,2,9,54730,102.707094861,5399,D,W,937172992,2048,[kworker/9:1H]
259,2,9,54734,102.707173406,5399,D,W,937175040,2048,[kworker/9:1H]
259,2,9,54738,102.707253953,5399,D,W,937177088,2048,[kworker/9:1H]
259,2,9,54742,102.707335184,5399,D,W,937179136,2048,[kworker/9:1H]
259,2,9,54746,102.707581312,5399,D,W,937181184,2048,[kworker/9:1H]
259,2,9,54750,102.707653122,5399,D,W,937183232,2048,[kworker/9:1H]
259,2,9,54754,102.707725690,5399,D,W,937185280,2048,[kworker/9:1H]
259,2,9,54758,102.707798455,5399,D,W,937187328,2048,[kworker/9:1H]
259,2,9,54762,102.707871011,5399,D,W,937189376,2048,[kworker/9:1H]
259,2,9,54766,102.707942243,5399,D,W,937191424,2048,[kworker/9:1H]
259,2,9,54770,102.708013645,5399,D,W,937193472,2048,[kworker/9:1H]
259,2,9,54774,102.708087326,5399,D,W,937195520,2048,[kworker/9:1H]
259,2,9,54778,102.708333535,5399,D,W,937197568,2048,[kworker/9:1H]
259,2,9,54782,102.708406563,5399,D,W,937199616,2048,[kworker/9:1H]
259,2,9,54786,102.708478548,5399,D,W,937201664,2048,[kworker/9:1H]
259,2,9,54790,102.708551066,5399,D,W,937203712,2048,[kworker/9:1H]
259,2,9,54794,102.708622756,5399,D,W,937205760,2048,[kworker/9:1H]
259,2,9,54798,102.708695384,5399,D,W,937207808,2048,[kworker/9:1H]
259,2,9,54802,102.708767714,5399,D,W,937209856,2048,[kworker/9:1H]
259,2,9,54806,102.708841641,5399,D,W,937211904,2048,[kworker/9:1H]
259,2,9,54810,102.709086812,5399,D,W,937213952,2048,[kworker/9:1H]
259,2,9,54814,102.709158541,5399,D,W,937216000,2048,[kworker/9:1H]
259,2,9,54818,102.709230199,5399,D,W,937218048,2048,[kworker/9:1H]
259,2,9,54822,102.709302383,5399,D,W,937220096,2048,[kworker/9:1H]
259,2,9,54826,102.709374459,5399,D,W,937222144,2048,[kworker/9:1H]
259,2,9,54830,102.709446404,5399,D,W,937224192,2048,[kworker/9:1H]
259,2,9,54834,102.709519496,5399,D,W,937226240,2048,[kworker/9:1H]
259,2,9,54838,102.709593070,5399,D,W,937228288,2048,[kworker/9:1H]
259,2,9,54842,102.709839478,5399,D,W,937230336,2048,[kworker/9:1H]
259,2,9,54846,102.709912311,5399,D,W,937232384,2048,[kworker/9:1H]
259,2,9,54850,102.709984318,5399,D,W,937234432,2048,[kworker/9:1H]
259,2,9,54854,102.710056464,5399,D,W,937236480,2048,[kworker/9:1H]
259,2,9,54858,102.710128134,5399,D,W,937238528,2048,[kworker/9:1H]
259,2,9,54862,102.710200418,5399,D,W,937240576,2048,[kworker/9:1H]
259,2,9,54866,102.710272474,5399,D,W,937242624,2048,[kworker/9:1H]
259,2,9,54870,102.710346911,5399,D,W,937244672,2048,[kworker/9:1H]
259,2,9,54874,102.710588674,5399,D,W,937246720,2048,[kworker/9:1H]
259,2,9,54878,102.710661511,5399,D,W,937248768,2048,[kworker/9:1H]
259,2,9,54882,102.710735149,5399,D,W,937250816,2048,[kworker/9:1H]
259,2,9,54886,102.710809305,5399,D,W,937252864,2048,[kworker/9:1H]
259,2,9,54890,102.710883065,5399,D,W,937254912,2048,[kworker/9:1H]
259,2,9,54894,102.710958080,5399,D,W,937256960,2048,[kworker/9:1H]
259,2,9,54898,102.711030504,5399,D,W,937259008,2048,[kworker/9:1H]
259,2,9,54902,102.711104867,5399,D,W,937261056,2048,[kworker/9:1H]
259,2,9,54906,102.711345576,5399,D,W,937263104,2048,[kworker/9:1H]
259,2,9,54910,102.711417771,5399,D,W,937265152,2048,[kworker/9:1H]
259,2,9,54914,102.711491340,5399,D,W,937267200,2048,[kworker/9:1H]
259,2,9,54918,102.711564278,5399,D,W,937269248,2048,[kworker/9:1H]
259,2,9,54922,102.711637045,5399,D,W,937271296,2048,[kworker/9:1H]
259,2,9,54926,102.711710202,5399,D,W,937273344,2048,[kworker/9:1H]
259,2,9,54930,102.711781895,5399,D,W,937275392,2048,[kworker/9:1H]
259,2,9,54934,102.711854523,5399,D,W,937277440,2048,[kworker/9:1H]
259,2,9,54938,102.712047700,5399,D,W,937279488,2048,[kworker/9:1H]
259,2,9,54942,102.712120185,5399,D,W,937281536,2048,[kworker/9:1H]
259,2,9,54946,102.712192288,5399,D,W,937283584,2048,[kworker/9:1H]
259,2,9,54950,102.712264432,5399,D,W,937285632,2048,[kworker/9:1H]
259,2,9,54954,102.712335364,5399,D,W,937287680,2048,[kworker/9:1H]
259,2,9,54958,102.712403580,5399,D,W,937289728,1952,[kworker/9:1H]
259,2,9,54963,102.722312259,5399,D,W,239599616,2048,[kworker/9:1H]
259,2,9,54967,102.722406440,5399,D,W,239601664,2048,[kworker/9:1H]
259,2,9,54971,102.722492536,5399,D,W,239603712,2048,[kworker/9:1H]
259,2,1,47756,102.722574049,1062,D,W,239605760,2048,[kworker/1:1H]
259,2,1,47760,102.722651091,1062,D,W,239607808,2048,[kworker/1:1H]
259,2,1,47764,102.722727049,1062,D,W,239609856,2048,[kworker/1:1H]
259,2,1,47768,102.722803187,1062,D,W,239611904,2048,[kworker/1:1H]
259,2,1,47772,102.722880977,1062,D,W,239613952,2048,[kworker/1:1H]
259,2,1,47776,102.723132937,1062,D,W,239616000,2048,[kworker/1:1H]
259,2,1,47780,102.723206788,1062,D,W,239618048,2048,[kworker/1:1H]
259,2,1,47784,102.723280281,1062,D,W,239620096,2048,[kworker/1:1H]
259,2,1,47788,102.723355398,1062,D,W,239622144,2048,[kworker/1:1H]
259,2,1,47792,102.723428366,1062,D,W,239624192,2048,[kworker/1:1H]
259,2,1,47796,102.723502358,1062,D,W,239626240,2048,[kworker/1:1H]
259,2,1,47800,102.723575484,1062,D,W,239628288,2048,[kworker/1:1H]
259,2,1,47804,102.723653282,1062,D,W,239630336,2048,[kworker/1:1H]
259,2,1,47808,102.723898135,1062,D,W,239632384,2048,[kworker/1:1H]
259,2,1,47812,102.723971110,1062,D,W,239634432,2048,[kworker/1:1H]
259,2,1,47816,102.724043937,1062,D,W,239636480,2048,[kworker/1:1H]
259,2,1,47820,102.724118773,1062,D,W,239638528,2048,[kworker/1:1H]
259,2,1,47824,102.724192719,1062,D,W,239640576,2048,[kworker/1:1H]
259,2,1,47828,102.724266141,1062,D,W,239642624,2048,[kworker/1:1H]
259,2,1,47832,102.724339744,1062,D,W,239644672,2048,[kworker/1:1H]
259,2,1,47836,102.724416028,1062,D,W,239646720,2048,[kworker/1:1H]
259,2,1,47840,102.724666026,1062,D,W,239648768,2048,[kworker/1:1H]
259,2,1,47844,102.724740746,1062,D,W,239650816,2048,[kworker/1:1H]
259,2,1,47848,102.724814843,1062,D,W,239652864,2048,[kworker/1:1H]
259,2,1,47852,102.724889900,1062,D,W,239654912,2048,[kworker/1:1H]
259,2,1,47856,102.724963407,1062,D,W,239656960,2048,[kworker/1:1H]
259,2,1,47860,102.725036898,1062,D,W,239659008,2048,[kworker/1:1H]
259,2,1,47864,102.725112064,1062,D,W,239661056,2048,[kworker/1:1H]
259,2,1,47868,102.725186074,1062,D,W,239663104,2048,[kworker/1:1H]
259,2,1,47872,102.725431156,1062,D,W,239665152,2048,[kworker/1:1H]
259,2,1,47876,102.725505301,1062,D,W,239667200,2048,[kworker/1:1H]
259,2,1,47880,102.725578636,1062,D,W,239669248,2048,[kworker/1:1H]
259,2,1,47884,102.725653497,1062,D,W,239671296,2048,[kworker/1:1H]
259,2,1,47888,102.725727288,1062,D,W,239673344,2048,[kworker/1:1H]
259,2,1,47892,102.725800995,1062,D,W,239675392,2048,[kworker/1:1H]
259,2,1,47896,102.725873599,1062,D,W,239677440,2048,[kworker/1:1H]
259,2,1,47900,102.725947663,1062,D,W,239679488,2048,[kworker/1:1H]
259,2,1,47904,102.726191584,1062,D,W,239681536,2048,[kworker/1:1H]
259,2,1,47908,102.726264213,1062,D,W,239683584,2048,[kworker/1:1H]
259,2,1,47912,102.726336934,1062,D,W,239685632,2048,[kworker/1:1H]
259,2,1,47916,102.726410128,1062,D,W,239687680,2048,[kworker/1:1H]
259,2,1,47920,102.726482876,1062,D,W,239689728,2048,[kworker/1:1H]
259,2,1,47924,102.726555498,1062,D,W,239691776,2048,[kworker/1:1H]
259,2,1,47928,102.726628483,1062,D,W,239693824,2048,[kworker/1:1H]
259,2,1,47932,102.726702120,1062,D,W,239695872,2048,[kworker/1:1H]
259,2,1,47936,102.726941668,1062,D,W,239697920,2048,[kworker/1:1H]
259,2,1,47940,102.727017985,1062,D,W,239699968,2048,[kworker/1:1H]
259,2,1,47944,102.727090715,1062,D,W,239702016,2048,[kworker/1:1H]
259,2,1,47948,102.727163796,1062,D,W,239704064,2048,[kworker/1:1H]
259,2,1,47952,102.727235726,1062,D,W,239706112,2048,[kworker/1:1H]
259,2,1,47956,102.727307621,1062,D,W,239708160,2048,[kworker/1:1H]
259,2,1,47960,102.727382517,1062,D,W,239710208,2048,[kworker/1:1H]
259,2,1,47964,102.727455473,1062,D,W,239712256,2048,[kworker/1:1H]
259,2,1,47968,102.727565294,1062,D,W,239714304,2048,[kworker/1:1H]
259,2,1,47972,102.727634161,1062,D,W,239716352,1944,[kworker/1:1H]
259,2,3,49585,107.899181597,950,D,W,475232136,2048,[kworker/3:1H]
259,2,3,49589,107.899278117,950,D,W,475234184,2048,[kworker/3:1H]
259,2,3,49593,107.899369475,950,D,W,475236232,2048,[kworker/3:1H]
259,2,3,49597,107.899466578,950,D,W,475238280,2048,[kworker/3:1H]
259,2,3,49601,107.899560585,950,D,W,475240328,2048,[kworker/3:1H]
259,2,3,49605,107.899656385,950,D,W,475242376,2048,[kworker/3:1H]
259,2,3,49609,107.899724362,950,D,W,475244424,600,[kworker/3:1H]
259,2,3,49613,107.900244434,950,D,W,483917824,2048,[kworker/3:1H]
259,2,3,49617,107.900319603,950,D,W,483919872,2048,[kworker/3:1H]
259,2,3,49621,107.900394267,950,D,W,483921920,2048,[kworker/3:1H]
259,2,3,49625,107.900468675,950,D,W,483923968,2048,[kworker/3:1H]
259,2,3,49629,107.900543458,950,D,W,483926016,2048,[kworker/3:1H]
259,2,3,49633,107.900618769,950,D,W,483928064,2048,[kworker/3:1H]
259,2,3,49637,107.900694313,950,D,W,483930112,2048,[kworker/3:1H]
259,2,3,49641,107.900770327,950,D,W,483932160,2048,[kworker/3:1H]
259,2,3,49645,107.901017931,950,D,W,483934208,2048,[kworker/3:1H]
259,2,3,49649,107.901093825,950,D,W,483936256,2048,[kworker/3:1H]
259,2,3,49653,107.901166247,950,D,W,483938304,2048,[kworker/3:1H]
259,2,3,49657,107.901239701,950,D,W,483940352,2048,[kworker/3:1H]
259,2,3,49661,107.901312880,950,D,W,483942400,2048,[kworker/3:1H]
259,2,3,49665,107.901385571,950,D,W,483944448,2048,[kworker/3:1H]
259,2,3,49669,107.901459357,950,D,W,483946496,2048,[kworker/3:1H]
259,2,3,49673,107.901532701,950,D,W,483948544,2048,[kworker/3:1H]
259,2,3,49677,107.901775624,950,D,W,483950592,2048,[kworker/3:1H]
259,2,3,49681,107.901850135,950,D,W,483952640,2048,[kworker/3:1H]
259,2,3,49685,107.901925088,950,D,W,483954688,2048,[kworker/3:1H]
259,2,3,49689,107.902000186,950,D,W,483956736,2048,[kworker/3:1H]
259,2,3,49693,107.902073441,950,D,W,483958784,2048,[kworker/3:1H]
259,2,3,49697,107.902147771,950,D,W,483960832,2048,[kworker/3:1H]
259,2,3,49701,107.902221305,950,D,W,483962880,2048,[kworker/3:1H]
259,2,3,49705,107.902297822,950,D,W,483964928,2048,[kworker/3:1H]
259,2,3,49709,107.902540629,950,D,W,483966976,2048,[kworker/3:1H]
259,2,3,49713,107.902615193,950,D,W,483969024,2048,[kworker/3:1H]
259,2,3,49717,107.902690009,950,D,W,483971072,2048,[kworker/3:1H]
259,2,3,49721,107.902763875,950,D,W,483973120,2048,[kworker/3:1H]
259,2,3,49725,107.902837902,950,D,W,483975168,2048,[kworker/3:1H]
259,2,3,49729,107.902912428,950,D,W,483977216,2048,[kworker/3:1H]
259,2,3,49733,107.902990899,950,D,W,483979264,2048,[kworker/3:1H]
259,2,3,49737,107.903066968,950,D,W,483981312,2048,[kworker/3:1H]
259,2,3,49741,107.903308051,950,D,W,483983360,2048,[kworker/3:1H]
259,2,3,49745,107.903380501,950,D,W,483985408,2048,[kworker/3:1H]
259,2,3,49749,107.903453785,950,D,W,483987456,2048,[kworker/3:1H]
259,2,3,49753,107.903527642,950,D,W,483989504,2048,[kworker/3:1H]
259,2,3,49757,107.903600249,950,D,W,483991552,2048,[kworker/3:1H]
259,2,3,49761,107.903673461,950,D,W,483993600,2048,[kworker/3:1H]
259,2,3,49765,107.903747007,950,D,W,483995648,2048,[kworker/3:1H]
259,2,3,49769,107.903821484,950,D,W,483997696,2048,[kworker/3:1H]
259,2,3,49773,107.904062520,950,D,W,483999744,2048,[kworker/3:1H]
259,2,3,49777,107.904135663,950,D,W,484001792,2048,[kworker/3:1H]
259,2,3,49781,107.904207722,950,D,W,484003840,2048,[kworker/3:1H]
259,2,3,49785,107.904280141,950,D,W,484005888,2048,[kworker/3:1H]
259,2,3,49789,107.904351382,950,D,W,484007936,2048,[kworker/3:1H]
259,2,3,49793,107.904422785,950,D,W,484009984,2048,[kworker/3:1H]
259,2,3,49797,107.904494521,950,D,W,484012032,2048,[kworker/3:1H]
259,2,3,49801,107.904568332,950,D,W,484014080,2048,[kworker/3:1H]
259,2,3,49805,107.904803475,950,D,W,484016128,2048,[kworker/3:1H]
259,2,3,49809,107.904876409,950,D,W,484018176,2048,[kworker/3:1H]
259,2,3,49813,107.904948403,950,D,W,484020224,2048,[kworker/3:1H]
259,2,3,49817,107.905020010,950,D,W,484022272,2048,[kworker/3:1H]
259,2,3,49821,107.905091601,950,D,W,484024320,2048,[kworker/3:1H]
259,2,3,49825,107.905162408,950,D,W,484026368,2048,[kworker/3:1H]
259,2,3,49829,107.905234887,950,D,W,484028416,2048,[kworker/3:1H]
259,2,3,49833,107.905307419,950,D,W,484030464,2048,[kworker/3:1H]
259,2,3,49837,107.905367411,950,D,W,484032512,1336,[kworker/3:1H]
259,2,5,63395,117.974764878,861,D,W,561792,2048,[kworker/5:1H]
259,2,5,63399,117.974873382,861,D,W,563840,2048,[kworker/5:1H]
259,2,5,63403,117.974967126,861,D,W,565888,2048,[kworker/5:1H]
259,2,5,63407,117.975057581,861,D,W,567936,2048,[kworker/5:1H]
259,2,5,63411,117.975144443,861,D,W,569984,2048,[kworker/5:1H]
259,2,5,63415,117.975231922,861,D,W,572032,2048,[kworker/5:1H]
259,2,5,63419,117.975322202,861,D,W,574080,2048,[kworker/5:1H]
259,2,5,63423,117.975412571,861,D,W,576128,2048,[kworker/5:1H]
259,2,5,63427,117.975691465,861,D,W,578176,2048,[kworker/5:1H]
259,2,5,63431,117.975768088,861,D,W,580224,2048,[kworker/5:1H]
259,2,5,63435,117.975844756,861,D,W,582272,2048,[kworker/5:1H]
259,2,5,63439,117.975921476,861,D,W,584320,2048,[kworker/5:1H]
259,2,5,63443,117.975997901,861,D,W,586368,2048,[kworker/5:1H]
259,2,5,63447,117.976072711,861,D,W,588416,2048,[kworker/5:1H]
259,2,5,63451,117.976149399,861,D,W,590464,2048,[kworker/5:1H]
259,2,5,63455,117.976226556,861,D,W,592512,2048,[kworker/5:1H]
259,2,5,63459,117.976512459,861,D,W,594560,2048,[kworker/5:1H]
259,2,5,63463,117.976589605,861,D,W,596608,2048,[kworker/5:1H]
259,2,5,63467,117.976665911,861,D,W,598656,2048,[kworker/5:1H]
259,2,5,63471,117.976743414,861,D,W,600704,2048,[kworker/5:1H]
259,2,5,63475,117.976820776,861,D,W,602752,2048,[kworker/5:1H]
259,2,5,63479,117.976897571,861,D,W,604800,2048,[kworker/5:1H]
259,2,5,63483,117.976973469,861,D,W,606848,2048,[kworker/5:1H]
259,2,5,63487,117.977050667,861,D,W,608896,2048,[kworker/5:1H]
259,2,5,63491,117.977277443,861,D,W,610944,2048,[kworker/5:1H]
259,2,5,63495,117.977354589,861,D,W,612992,2048,[kworker/5:1H]
259,2,5,63499,117.977431201,861,D,W,615040,2048,[kworker/5:1H]
259,2,5,63503,117.977507106,861,D,W,617088,2048,[kworker/5:1H]
259,2,5,63507,117.977582389,861,D,W,619136,2048,[kworker/5:1H]
259,2,5,63511,117.977609170,861,D,W,621184,632,[kworker/5:1H]
259,2,5,66984,122.987044062,861,D,W,172887072,8,[kworker/5:1H]
259,2,5,66985,122.987044806,861,D,W,616197016,8,[kworker/5:1H]
259,2,5,73798,133.176971777,861,D,W,661022776,200,[kworker/5:1H]
259,2,5,73802,133.177072108,861,D,W,230306816,104,[kworker/5:1H]
259,2,19,93973,158.583523483,859,D,W,897450408,16,[kworker/19:1H]
259,2,11,90678,163.227322743,4211,D,W,231800832,2048,[kworker/11:1H]
259,2,11,90682,163.227398611,4211,D,W,231802880,2048,[kworker/11:1H]
259,2,11,90686,163.227474374,4211,D,W,231804928,2048,[kworker/11:1H]
259,2,11,90690,163.227548728,4211,D,W,231806976,2048,[kworker/11:1H]
259,2,11,90694,163.227624212,4211,D,W,231809024,2048,[kworker/11:1H]
259,2,11,90698,163.227699555,4211,D,W,231811072,2048,[kworker/11:1H]
259,2,11,90702,163.227774913,4211,D,W,231813120,2048,[kworker/11:1H]
259,2,11,92051,163.494574475,4211,D,W,231815168,2048,[kworker/11:1H]
259,2,11,92052,163.494580663,4211,D,W,231817216,2048,[kworker/11:1H]
259,2,11,92053,163.494586401,4211,D,W,231819264,2048,[kworker/11:1H]
259,2,11,92054,163.494596861,4211,D,W,231821312,2048,[kworker/11:1H]
259,2,11,92055,163.494602418,4211,D,W,231823360,2048,[kworker/11:1H]
259,2,11,92056,163.494607926,4211,D,W,231825408,2048,[kworker/11:1H]
259,2,11,92057,163.494613454,4211,D,W,231827456,2048,[kworker/11:1H]
259,2,11,92058,163.494619158,4211,D,W,231829504,2048,[kworker/11:1H]
259,2,11,92059,163.494624668,4211,D,W,231831552,2048,[kworker/11:1H]
259,2,11,92060,163.494630366,4211,D,W,231735296,2048,[kworker/11:1H]
259,2,11,92061,163.494640098,4211,D,W,231737344,2048,[kworker/11:1H]
259,2,11,92062,163.494645903,4211,D,W,231739392,2048,[kworker/11:1H]
259,2,11,92063,163.494651527,4211,D,W,231741440,2048,[kworker/11:1H]
259,2,11,92064,163.494657428,4211,D,W,231743488,2048,[kworker/11:1H]
259,2,11,92065,163.494663279,4211,D,W,231745536,2048,[kworker/11:1H]
259,2,11,92066,163.494668974,4211,D,W,231747584,2048,[kworker/11:1H]
259,2,11,92067,163.494674647,4211,D,W,231749632,2048,[kworker/11:1H]
259,2,11,92068,163.494680539,4211,D,W,231751680,2048,[kworker/11:1H]
259,2,11,92069,163.494686624,4211,D,W,231753728,2048,[kworker/11:1H]
259,2,11,92070,163.494692293,4211,D,W,231755776,2048,[kworker/11:1H]
259,2,11,92071,163.494697971,4211,D,W,231757824,2048,[kworker/11:1H]
259,2,11,92072,163.494703698,4211,D,W,231759872,2048,[kworker/11:1H]
259,2,11,92073,163.494713142,4211,D,W,231761920,2048,[kworker/11:1H]
259,2,11,92074,163.494718960,4211,D,W,231763968,2048,[kworker/11:1H]
259,2,11,92075,163.494728667,4211,D,W,231766016,2048,[kworker/11:1H]
259,2,11,92076,163.494738017,4211,D,W,231768064,2048,[kworker/11:1H]
259,2,11,92077,163.494742470,4211,D,W,231770112,1544,[kworker/11:1H]
259,2,11,92678,165.807413272,4211,D,W,230306920,152,[kworker/11:1H]
259,2,8,83307,165.812163066,5350,D,W,123727360,88,[kworker/8:1H]
259,2,10,93281,172.348549648,5211,D,W,795475968,56,[kworker/10:1H]
259,2,10,105994,189.196787878,5211,D,W,820406576,8,[kworker/10:1H]
259,2,5,118882,195.867285559,861,D,W,231771656,2048,[kworker/5:1H]
259,2,5,118886,195.867363295,861,D,W,231773704,2048,[kworker/5:1H]
259,2,5,118890,195.867439833,861,D,W,231775752,2048,[kworker/5:1H]
259,2,5,118894,195.867517035,861,D,W,231777800,2048,[kworker/5:1H]
259,2,5,118898,195.867593976,861,D,W,231779848,2048,[kworker/5:1H]
259,2,5,118902,195.867673244,861,D,W,231781896,2048,[kworker/5:1H]
259,2,5,118906,195.867750037,861,D,W,231783944,2048,[kworker/5:1H]
259,2,5,118910,195.867829876,861,D,W,231785992,2048,[kworker/5:1H]
259,2,5,118914,195.868129925,861,D,W,231788040,2048,[kworker/5:1H]
259,2,5,118918,195.868207293,861,D,W,231790088,2048,[kworker/5:1H]
259,2,5,118922,195.868285139,861,D,W,231792136,2048,[kworker/5:1H]
259,2,5,118926,195.868363644,861,D,W,231794184,2048,[kworker/5:1H]
259,2,5,118930,195.868441229,861,D,W,231796232,2048,[kworker/5:1H]
259,2,5,118934,195.868519873,861,D,W,231798280,2048,[kworker/5:1H]
259,2,5,118938,195.868566746,861,D,W,231800328,504,[kworker/5:1H]
259,2,5,118942,195.869081576,861,D,W,232144896,2048,[kworker/5:1H]
259,2,5,118946,195.869158863,861,D,W,232146944,2048,[kworker/5:1H]
259,2,5,118950,195.869236171,861,D,W,232148992,2048,[kworker/5:1H]
259,2,5,118954,195.869314832,861,D,W,232151040,2048,[kworker/5:1H]
259,2,5,118958,195.869392497,861,D,W,232153088,2048,[kworker/5:1H]
259,2,5,118962,195.869469995,861,D,W,232155136,2048,[kworker/5:1H]
259,2,5,118966,195.869547862,861,D,W,232157184,2048,[kworker/5:1H]
259,2,5,118970,195.869630288,861,D,W,232159232,2048,[kworker/5:1H]
259,2,5,118974,195.869930116,861,D,W,232161280,2048,[kworker/5:1H]
259,2,5,118978,195.870011180,861,D,W,232163328,2048,[kworker/5:1H]
259,2,5,118982,195.870091315,861,D,W,232165376,2048,[kworker/5:1H]
259,2,5,118986,195.870171446,861,D,W,232167424,2048,[kworker/5:1H]
259,2,5,118990,195.870249897,861,D,W,232169472,2048,[kworker/5:1H]
259,2,5,118994,195.870329653,861,D,W,232171520,2048,[kworker/5:1H]
259,2,5,118998,195.870409266,861,D,W,232173568,2048,[kworker/5:1H]
259,2,5,119002,195.870492690,861,D,W,232175616,2048,[kworker/5:1H]
259,2,5,119006,195.870799796,861,D,W,232177664,2048,[kworker/5:1H]
259,2,5,119010,195.870878847,861,D,W,232179712,2048,[kworker/5:1H]
259,2,5,119014,195.870961268,861,D,W,232181760,2048,[kworker/5:1H]
259,2,5,119018,195.871040767,861,D,W,232183808,2048,[kworker/5:1H]
259,2,5,119022,195.871118866,861,D,W,232185856,2048,[kworker/5:1H]
259,2,5,119026,195.871197864,861,D,W,232187904,2048,[kworker/5:1H]
259,2,5,119030,195.871280711,861,D,W,232189952,2048,[kworker/5:1H]
259,2,5,119034,195.871360430,861,D,W,232192000,2048,[kworker/5:1H]
259,2,5,119038,195.871666945,861,D,W,232194048,2048,[kworker/5:1H]
259,2,5,119042,195.871751140,861,D,W,232196096,2048,[kworker/5:1H]
259,2,5,119046,195.871830517,861,D,W,232198144,2048,[kworker/5:1H]
259,2,5,119050,195.871909717,861,D,W,232200192,2048,[kworker/5:1H]
259,2,5,119054,195.871989321,861,D,W,232202240,2048,[kworker/5:1H]
259,2,5,119058,195.872067951,861,D,W,232204288,2048,[kworker/5:1H]
259,2,5,119062,195.872147396,861,D,W,232206336,2048,[kworker/5:1H]
259,2,5,119066,195.872226986,861,D,W,232208384,2048,[kworker/5:1H]
259,2,5,119070,195.872533907,861,D,W,232210432,2048,[kworker/5:1H]
259,2,5,119074,195.872613381,861,D,W,232212480,2048,[kworker/5:1H]
259,2,5,119078,195.872691815,861,D,W,232214528,2048,[kworker/5:1H]
259,2,5,119082,195.872771398,861,D,W,232216576,2048,[kworker/5:1H]
259,2,5,119086,195.872849933,861,D,W,232218624,2048,[kworker/5:1H]
259,2,5,119090,195.872928203,861,D,W,232220672,2048,[kworker/5:1H]
259,2,5,119094,195.873012581,861,D,W,232222720,2048,[kworker/5:1H]
259,2,5,119098,195.873092178,861,D,W,232224768,2048,[kworker/5:1H]
259,2,5,119102,195.873398921,861,D,W,232226816,2048,[kworker/5:1H]
259,2,5,119106,195.873478192,861,D,W,232228864,2048,[kworker/5:1H]
259,2,5,119110,195.873556395,861,D,W,232230912,2048,[kworker/5:1H]
259,2,5,119114,195.873634372,861,D,W,232232960,2048,[kworker/5:1H]
259,2,5,119118,195.873718077,861,D,W,232235008,2048,[kworker/5:1H]
259,2,5,119122,195.873797359,861,D,W,232237056,2048,[kworker/5:1H]
259,2,5,119126,195.873877350,861,D,W,232239104,2048,[kworker/5:1H]
259,2,5,119130,195.873958730,861,D,W,232241152,2048,[kworker/5:1H]
259,2,5,119134,195.874185066,861,D,W,232243200,2048,[kworker/5:1H]
259,2,5,119138,195.874264011,861,D,W,232245248,2048,[kworker/5:1H]
259,2,5,119142,195.874343071,861,D,W,232247296,2048,[kworker/5:1H]
259,2,5,119146,195.874422478,861,D,W,232249344,2048,[kworker/5:1H]
259,2,5,119150,195.874504756,861,D,W,232251392,2048,[kworker/5:1H]
259,2,5,119154,195.874525888,861,D,W,232253440,416,[kworker/5:1H]
259,2,5,121863,197.037779478,861,D,W,123727448,168,[kworker/5:1H]
259,2,12,119792,197.044315123,8213,D,W,729696000,136,[kworker/12:1H]
259,2,5,178131,232.257162554,861,D,W,729696136,120,[kworker/5:1H]
259,2,5,178132,232.257164337,861,D,W,958384896,192,[kworker/5:1H]
259,2,2,148378,235.372820461,863,D,W,451544344,8,[kworker/2:1H]
259,2,1,158856,236.677100701,1062,D,W,203816960,16,[kworker/1:1H]
259,2,5,185651,242.267529328,861,D,W,660226048,2048,[kworker/5:1H]
259,2,5,185655,242.267607149,861,D,W,660228096,2048,[kworker/5:1H]
259,2,5,185659,242.267683632,861,D,W,660230144,2048,[kworker/5:1H]
259,2,5,185663,242.267762263,861,D,W,660232192,2048,[kworker/5:1H]
259,2,5,185667,242.267839659,861,D,W,660234240,2048,[kworker/5:1H]
259,2,5,185671,242.267916858,861,D,W,660236288,2048,[kworker/5:1H]
259,2,5,185675,242.267993171,861,D,W,660238336,2048,[kworker/5:1H]
259,2,5,185679,242.268075972,861,D,W,660240384,2048,[kworker/5:1H]
259,2,5,185683,242.268384296,861,D,W,660242432,2048,[kworker/5:1H]
259,2,5,185687,242.268460837,861,D,W,660244480,2048,[kworker/5:1H]
259,2,5,185691,242.268537085,861,D,W,660246528,2048,[kworker/5:1H]
259,2,5,185695,242.268614635,861,D,W,660248576,2048,[kworker/5:1H]
259,2,5,185699,242.268692371,861,D,W,660250624,2048,[kworker/5:1H]
259,2,5,185704,242.268773730,861,D,W,660252672,2048,[kworker/5:1H]
259,2,5,185708,242.268850254,861,D,W,660254720,2048,[kworker/5:1H]
259,2,5,185712,242.268928245,861,D,W,660256768,2048,[kworker/5:1H]
259,2,5,185716,242.269239114,861,D,W,660258816,2048,[kworker/5:1H]
259,2,5,185720,242.269315620,861,D,W,660260864,2048,[kworker/5:1H]
259,2,5,185724,242.269392152,861,D,W,660262912,2048,[kworker/5:1H]
259,2,5,185728,242.269468550,861,D,W,660264960,2048,[kworker/5:1H]
259,2,5,185732,242.269553257,861,D,W,660267008,2048,[kworker/5:1H]
259,2,5,185736,242.269635577,861,D,W,660269056,2048,[kworker/5:1H]
259,2,5,185740,242.269715343,861,D,W,660271104,2048,[kworker/5:1H]
259,2,5,185744,242.269794642,861,D,W,660273152,2048,[kworker/5:1H]
259,2,5,185748,242.270104408,861,D,W,660275200,2048,[kworker/5:1H]
259,2,5,185752,242.270181277,861,D,W,660277248,2048,[kworker/5:1H]
259,2,5,185756,242.270258709,861,D,W,660279296,2048,[kworker/5:1H]
259,2,5,185760,242.270335702,861,D,W,660281344,2048,[kworker/5:1H]
259,2,5,185764,242.270412709,861,D,W,660283392,2048,[kworker/5:1H]
259,2,5,185768,242.270490298,861,D,W,660285440,2048,[kworker/5:1H]
259,2,5,185772,242.270567295,861,D,W,660287488,2048,[kworker/5:1H]
259,2,5,185776,242.270643468,861,D,W,660289536,2048,[kworker/5:1H]
259,2,5,185780,242.270945808,861,D,W,660291584,2048,[kworker/5:1H]
259,2,5,185784,242.271025544,861,D,W,660293632,2048,[kworker/5:1H]
259,2,5,185788,242.271101501,861,D,W,660295680,2048,[kworker/5:1H]
259,2,5,185792,242.271177687,861,D,W,660297728,2048,[kworker/5:1H]
259,2,5,185796,242.271253669,861,D,W,660299776,2048,[kworker/5:1H]
259,2,5,185800,242.271329989,861,D,W,660301824,2048,[kworker/5:1H]
259,2,5,185804,242.271408575,861,D,W,660303872,2048,[kworker/5:1H]
259,2,5,185808,242.271485140,861,D,W,660305920,2048,[kworker/5:1H]
259,2,5,185812,242.271792700,861,D,W,660307968,2048,[kworker/5:1H]
259,2,5,185816,242.271869774,861,D,W,660310016,2048,[kworker/5:1H]
259,2,5,185820,242.271950925,861,D,W,660312064,2048,[kworker/5:1H]
259,2,5,185824,242.272029011,861,D,W,660314112,2048,[kworker/5:1H]
259,2,5,185828,242.272105068,861,D,W,660316160,2048,[kworker/5:1H]
259,2,5,185832,242.272181882,861,D,W,660318208,2048,[kworker/5:1H]
259,2,5,185836,242.272258625,861,D,W,660320256,2048,[kworker/5:1H]
259,2,5,185840,242.272336355,861,D,W,660322304,2048,[kworker/5:1H]
259,2,5,185844,242.272651037,861,D,W,660324352,2048,[kworker/5:1H]
259,2,5,185848,242.272732713,861,D,W,660326400,2048,[kworker/5:1H]
259,2,5,185852,242.272814430,861,D,W,660328448,2048,[kworker/5:1H]
259,2,5,185856,242.272897270,861,D,W,660330496,2048,[kworker/5:1H]
259,2,5,185860,242.272974964,861,D,W,660332544,2048,[kworker/5:1H]
259,2,5,185864,242.273053021,861,D,W,660334592,2048,[kworker/5:1H]
259,2,5,185868,242.273131064,861,D,W,660336640,2048,[kworker/5:1H]
259,2,5,185872,242.273210613,861,D,W,660338688,2048,[kworker/5:1H]
259,2,5,185876,242.273775982,861,D,W,660488192,2048,[kworker/5:1H]
259,2,5,185880,242.273851770,861,D,W,660490240,2048,[kworker/5:1H]
259,2,5,185884,242.273930789,861,D,W,660492288,2048,[kworker/5:1H]
259,2,5,185888,242.274006738,861,D,W,660494336,2048,[kworker/5:1H]
259,2,5,185892,242.274082714,861,D,W,660496384,2048,[kworker/5:1H]
259,2,5,185896,242.274159287,861,D,W,660498432,2048,[kworker/5:1H]
259,2,5,185900,242.274236887,861,D,W,660500480,2048,[kworker/5:1H]
259,2,5,185904,242.274313837,861,D,W,660502528,2048,[kworker/5:1H]
259,2,5,185908,242.274613844,861,D,W,660504576,2048,[kworker/5:1H]
259,2,5,185912,242.274690267,861,D,W,660506624,2048,[kworker/5:1H]
259,2,5,185916,242.274767004,861,D,W,660508672,2048,[kworker/5:1H]
259,2,5,185920,242.274844607,861,D,W,660510720,2048,[kworker/5:1H]
259,2,5,185924,242.274920099,861,D,W,660512768,2048,[kworker/5:1H]
259,2,5,185928,242.274999373,861,D,W,660514816,2048,[kworker/5:1H]
259,2,5,185932,242.275076624,861,D,W,660516864,2048,[kworker/5:1H]
259,2,5,185936,242.275155227,861,D,W,660518912,2048,[kworker/5:1H]
259,2,5,185940,242.275503137,861,D,W,660520960,2048,[kworker/5:1H]
259,2,5,185944,242.275626059,861,D,W,660523008,2048,[kworker/5:1H]
259,2,5,185948,242.275748794,861,D,W,660525056,2048,[kworker/5:1H]
259,2,5,185952,242.275870307,861,D,W,660527104,2048,[kworker/5:1H]
259,2,5,185956,242.275990968,861,D,W,660529152,2048,[kworker/5:1H]
259,2,5,185960,242.276119303,861,D,W,660531200,2048,[kworker/5:1H]
259,2,5,185964,242.276244704,861,D,W,660533248,2048,[kworker/5:1H]
259,2,5,185968,242.276373153,861,D,W,660535296,2048,[kworker/5:1H]
259,2,5,185972,242.276739754,861,D,W,660537344,2048,[kworker/5:1H]
259,2,5,185976,242.276866952,861,D,W,660539392,2048,[kworker/5:1H]
259,2,5,185980,242.276994091,861,D,W,660541440,2048,[kworker/5:1H]
259,2,11,173967,242.277138716,4211,D,W,660543488,2048,[kworker/11:1H]
259,2,11,173971,242.277279389,4211,D,W,660545536,2048,[kworker/11:1H]
259,2,11,173975,242.277419397,4211,D,W,660547584,2048,[kworker/11:1H]
259,2,11,173979,242.277562479,4211,D,W,660549632,2048,[kworker/11:1H]
259,2,11,173983,242.277709375,4211,D,W,660551680,2048,[kworker/11:1H]
259,2,11,173987,242.278078005,4211,D,W,660553728,2048,[kworker/11:1H]
259,2,11,173991,242.278210477,4211,D,W,660555776,2048,[kworker/11:1H]
259,2,11,173995,242.278341038,4211,D,W,660557824,2048,[kworker/11:1H]
259,2,11,173999,242.278474681,4211,D,W,660559872,2048,[kworker/11:1H]
259,2,11,174003,242.278602553,4211,D,W,660561920,2048,[kworker/11:1H]
259,2,11,174007,242.278731891,4211,D,W,660563968,2048,[kworker/11:1H]
259,2,11,174011,242.278861448,4211,D,W,660566016,2048,[kworker/11:1H]
259,2,11,174015,242.279003303,4211,D,W,660568064,2048,[kworker/11:1H]
259,2,11,174019,242.279113662,4211,D,W,660570112,1384,[kworker/11:1H]
259,2,2,160064,247.860087959,863,D,W,342373616,16,[kworker/2:1H]
259,2,26,181551,262.315481794,11924,D,W,308428800,2048,[kworker/26:1H]
259,2,26,181555,262.315560396,11924,D,W,308430848,2048,[kworker/26:1H]
259,2,26,181559,262.315638121,11924,D,W,308432896,2048,[kworker/26:1H]
259,2,26,181563,262.315716343,11924,D,W,308434944,2048,[kworker/26:1H]
259,2,26,181567,262.315793656,11924,D,W,308436992,2048,[kworker/26:1H]
259,2,26,181571,262.315869404,11924,D,W,308439040,2048,[kworker/26:1H]
259,2,26,181575,262.315945577,11924,D,W,308441088,2048,[kworker/26:1H]
259,2,26,181579,262.316023594,11924,D,W,308443136,2048,[kworker/26:1H]
259,2,26,181583,262.316323640,11924,D,W,308445184,2048,[kworker/26:1H]
259,2,26,181587,262.316401922,11924,D,W,308447232,2048,[kworker/26:1H]
259,2,26,181591,262.316480089,11924,D,W,308449280,2048,[kworker/26:1H]
259,2,26,181595,262.316557962,11924,D,W,308451328,2048,[kworker/26:1H]
259,2,26,181599,262.316635193,11924,D,W,308453376,2048,[kworker/26:1H]
259,2,26,181603,262.316712112,11924,D,W,308455424,2048,[kworker/26:1H]
259,2,26,181607,262.316789568,11924,D,W,308457472,2048,[kworker/26:1H]
259,2,26,181611,262.316867531,11924,D,W,308459520,2048,[kworker/26:1H]
259,2,26,181615,262.317164542,11924,D,W,308461568,2048,[kworker/26:1H]
259,2,26,181619,262.317240638,11924,D,W,308463616,2048,[kworker/26:1H]
259,2,26,181623,262.317316463,11924,D,W,308465664,2048,[kworker/26:1H]
259,2,26,181627,262.317393052,11924,D,W,308467712,2048,[kworker/26:1H]
259,2,26,181631,262.317469389,11924,D,W,308469760,2048,[kworker/26:1H]
259,2,26,181635,262.317546841,11924,D,W,308471808,2048,[kworker/26:1H]
259,2,26,181639,262.317623154,11924,D,W,308473856,2048,[kworker/26:1H]
259,2,26,181643,262.317700913,11924,D,W,308475904,2048,[kworker/26:1H]
259,2,26,181647,262.318001631,11924,D,W,308477952,2048,[kworker/26:1H]
259,2,26,181651,262.318077077,11924,D,W,308480000,2048,[kworker/26:1H]
259,2,26,181655,262.318153119,11924,D,W,308482048,2048,[kworker/26:1H]
259,2,26,181659,262.318227625,11924,D,W,308484096,2048,[kworker/26:1H]
259,2,26,181663,262.318302084,11924,D,W,308486144,2048,[kworker/26:1H]
259,2,26,181667,262.318376428,11924,D,W,308488192,2048,[kworker/26:1H]
259,2,26,181671,262.318451898,11924,D,W,308490240,2048,[kworker/26:1H]
259,2,26,181675,262.318528421,11924,D,W,308492288,2048,[kworker/26:1H]
259,2,26,181679,262.318829752,11924,D,W,308494336,2048,[kworker/26:1H]
259,2,26,181683,262.318905721,11924,D,W,308496384,2048,[kworker/26:1H]
259,2,26,181687,262.318984650,11924,D,W,308498432,2048,[kworker/26:1H]
259,2,26,181691,262.319059040,11924,D,W,308500480,2048,[kworker/26:1H]
259,2,26,181695,262.319134145,11924,D,W,308502528,2048,[kworker/26:1H]
259,2,26,181699,262.319208338,11924,D,W,308504576,2048,[kworker/26:1H]
259,2,26,181703,262.319283971,11924,D,W,308506624,2048,[kworker/26:1H]
259,2,26,181707,262.319359826,11924,D,W,308508672,2048,[kworker/26:1H]
259,2,19,195294,262.319665569,859,D,W,308510720,2048,[kworker/19:1H]
259,2,19,195298,262.319742170,859,D,W,308512768,2048,[kworker/19:1H]
259,2,19,195302,262.319818500,859,D,W,308514816,2048,[kworker/19:1H]
259,2,19,195306,262.319894446,859,D,W,308516864,2048,[kworker/19:1H]
259,2,19,195310,262.319971087,859,D,W,308518912,2048,[kworker/19:1H]
259,2,19,195314,262.320048107,859,D,W,308520960,2048,[kworker/19:1H]
259,2,19,195318,262.320123152,859,D,W,308523008,2048,[kworker/19:1H]
259,2,19,195322,262.320199964,859,D,W,308525056,2048,[kworker/19:1H]
259,2,19,195326,262.320719308,859,D,W,308690944,2048,[kworker/19:1H]
259,2,19,195330,262.320797964,859,D,W,308692992,2048,[kworker/19:1H]
259,2,19,195334,262.320873862,859,D,W,308695040,2048,[kworker/19:1H]
259,2,19,195338,262.320950003,859,D,W,308697088,2048,[kworker/19:1H]
259,2,19,195342,262.321025982,859,D,W,308699136,2048,[kworker/19:1H]
259,2,19,195346,262.321101372,859,D,W,308701184,2048,[kworker/19:1H]
259,2,19,195350,262.321175951,859,D,W,308703232,2048,[kworker/19:1H]
259,2,19,195354,262.321254891,859,D,W,308705280,2048,[kworker/19:1H]
259,2,19,195358,262.321553970,859,D,W,308707328,2048,[kworker/19:1H]
259,2,19,195362,262.321631560,859,D,W,308709376,2048,[kworker/19:1H]
259,2,19,195366,262.321710181,859,D,W,308711424,2048,[kworker/19:1H]
259,2,19,195370,262.321788587,859,D,W,308713472,2048,[kworker/19:1H]
259,2,19,195374,262.321865922,859,D,W,308715520,2048,[kworker/19:1H]
259,2,19,195378,262.321944614,859,D,W,308717568,2048,[kworker/19:1H]
259,2,19,195382,262.322020684,859,D,W,308719616,2048,[kworker/19:1H]
259,2,19,195386,262.322100322,859,D,W,308721664,2048,[kworker/19:1H]
259,2,19,195391,262.322494584,859,D,W,308723712,2048,[kworker/19:1H]
259,2,19,195395,262.322572185,859,D,W,308725760,2048,[kworker/19:1H]
259,2,19,195399,262.322649701,859,D,W,308727808,2048,[kworker/19:1H]
259,2,19,195403,262.322726229,859,D,W,308729856,2048,[kworker/19:1H]
259,2,19,195407,262.322803629,859,D,W,308731904,2048,[kworker/19:1H]
259,2,19,195411,262.322880480,859,D,W,308733952,2048,[kworker/19:1H]
259,2,19,195415,262.322964097,859,D,W,308736000,2048,[kworker/19:1H]
259,2,19,195419,262.323039551,859,D,W,308738048,2048,[kworker/19:1H]
259,2,19,195423,262.323339238,859,D,W,308740096,2048,[kworker/19:1H]
259,2,19,195427,262.323416142,859,D,W,308742144,2048,[kworker/19:1H]
259,2,19,195431,262.323492834,859,D,W,308744192,2048,[kworker/19:1H]
259,2,19,195435,262.323569738,859,D,W,308746240,2048,[kworker/19:1H]
259,2,19,195439,262.323646124,859,D,W,308748288,2048,[kworker/19:1H]
259,2,19,195443,262.323722654,859,D,W,308750336,2048,[kworker/19:1H]
259,2,19,195447,262.323799310,859,D,W,308752384,2048,[kworker/19:1H]
259,2,19,195451,262.323876795,859,D,W,308754432,2048,[kworker/19:1H]
259,2,19,195455,262.324180955,859,D,W,308756480,2048,[kworker/19:1H]
259,2,19,195459,262.324258115,859,D,W,308758528,2048,[kworker/19:1H]
259,2,19,195463,262.324336525,859,D,W,308760576,2048,[kworker/19:1H]
259,2,19,195467,262.324414940,859,D,W,308762624,2048,[kworker/19:1H]
259,2,19,195471,262.324492557,859,D,W,308764672,2048,[kworker/19:1H]
259,2,19,195475,262.324571667,859,D,W,308766720,2048,[kworker/19:1H]
259,2,19,195479,262.324650190,859,D,W,308768768,2048,[kworker/19:1H]
259,2,19,195483,262.324730127,859,D,W,308770816,2048,[kworker/19:1H]
259,2,19,195487,262.324917612,859,D,W,308772864,2048,[kworker/19:1H]
259,2,19,195491,262.324995780,859,D,W,308774912,2048,[kworker/19:1H]
259,2,19,195496,262.325182286,859,D,W,308776960,2048,[kworker/19:1H]
259,2,19,195500,262.325249357,859,D,W,308779008,1712,[kworker/19:1H]
259,2,19,198044,262.327517984,859,D,W,958385088,64,[kworker/19:1H]
259,2,19,198751,263.137804958,859,D,W,958385088,64,[kworker/19:1H]
259,2,19,198752,263.137807068,859,D,W,655532032,216,[kworker/19:1H]
259,2,5,254591,293.178994305,861,D,W,655532248,40,[kworker/5:1H]
259,2,5,256535,293.726960185,861,D,W,655532248,40,[kworker/5:1H]
259,2,5,256536,293.726961712,861,D,W,706813952,256,[kworker/5:1H]
259,2,5,256537,293.726962336,861,D,W,357970944,8,[kworker/5:1H]
259,2,5,257137,293.727140992,861,D,W,706199552,2048,[kworker/5:1H]
259,2,5,257138,293.727146958,861,D,W,706201600,2048,[kworker/5:1H]
259,2,5,257139,293.727152802,861,D,W,706203648,2048,[kworker/5:1H]
259,2,5,257140,293.727158944,861,D,W,706205696,2048,[kworker/5:1H]
259,2,5,257141,293.727164758,861,D,W,706207744,2048,[kworker/5:1H]
259,2,5,257142,293.727170660,861,D,W,706209792,2048,[kworker/5:1H]
259,2,5,257143,293.727176417,861,D,W,706211840,2048,[kworker/5:1H]
259,2,5,257144,293.727182247,861,D,W,706213888,2048,[kworker/5:1H]
259,2,5,257145,293.727188103,861,D,W,706363392,2048,[kworker/5:1H]
259,2,5,257146,293.727194009,861,D,W,706365440,2048,[kworker/5:1H]
259,2,5,257147,293.727199887,861,D,W,706367488,2048,[kworker/5:1H]
259,2,5,257148,293.727205741,861,D,W,706369536,2048,[kworker/5:1H]
259,2,5,257149,293.727211462,861,D,W,706371584,2048,[kworker/5:1H]
259,2,5,257150,293.727217105,861,D,W,706373632,2048,[kworker/5:1H]
259,2,5,257151,293.727222761,861,D,W,706375680,2048,[kworker/5:1H]
259,2,5,257152,293.727228709,861,D,W,706377728,2048,[kworker/5:1H]
259,2,5,257153,293.727234342,861,D,W,706379776,2048,[kworker/5:1H]
259,2,5,257154,293.727240056,861,D,W,706381824,2048,[kworker/5:1H]
259,2,5,257155,293.727245852,861,D,W,706383872,2048,[kworker/5:1H]
259,2,5,257156,293.727251724,861,D,W,706385920,2048,[kworker/5:1H]
259,2,5,257157,293.727257570,861,D,W,706387968,2048,[kworker/5:1H]
259,2,5,257158,293.727263443,861,D,W,706390016,2048,[kworker/5:1H]
259,2,5,257159,293.727269221,861,D,W,706392064,2048,[kworker/5:1H]
259,2,5,257160,293.727274999,861,D,W,706394112,2048,[kworker/5:1H]
259,2,5,257164,293.727514350,861,D,W,706396160,2048,[kworker/5:1H]
259,2,5,257168,293.727591487,861,D,W,706398208,2048,[kworker/5:1H]
259,2,5,257172,293.727668426,861,D,W,706400256,2048,[kworker/5:1H]
259,2,5,257176,293.727745618,861,D,W,706402304,2048,[kworker/5:1H]
259,2,5,257180,293.727822412,861,D,W,706404352,2048,[kworker/5:1H]
259,2,5,257184,293.727900224,861,D,W,706406400,2048,[kworker/5:1H]
259,2,5,257188,293.727978648,861,D,W,706408448,2048,[kworker/5:1H]
259,2,5,257192,293.728056050,861,D,W,706410496,2048,[kworker/5:1H]
259,2,5,257196,293.728361136,861,D,W,706412544,2048,[kworker/5:1H]
259,2,5,257200,293.728437787,861,D,W,706414592,2048,[kworker/5:1H]
259,2,5,257204,293.728515349,861,D,W,706416640,2048,[kworker/5:1H]
259,2,5,257208,293.728592317,861,D,W,706418688,2048,[kworker/5:1H]
259,2,5,257212,293.728670233,861,D,W,706420736,2048,[kworker/5:1H]
259,2,5,257216,293.728747697,861,D,W,706422784,2048,[kworker/5:1H]
259,2,5,257220,293.728825580,861,D,W,706424832,2048,[kworker/5:1H]
259,2,5,257224,293.728903003,861,D,W,706426880,2048,[kworker/5:1H]
259,2,5,257228,293.729198690,861,D,W,706428928,2048,[kworker/5:1H]
259,2,5,257232,293.729276486,861,D,W,706430976,2048,[kworker/5:1H]
259,2,5,257236,293.729353991,861,D,W,706433024,2048,[kworker/5:1H]
259,2,5,257240,293.729431632,861,D,W,706435072,2048,[kworker/5:1H]
259,2,5,257244,293.729508429,861,D,W,706437120,2048,[kworker/5:1H]
259,2,5,257248,293.729584923,861,D,W,706439168,2048,[kworker/5:1H]
259,2,5,257252,293.729662690,861,D,W,706441216,2048,[kworker/5:1H]
259,2,5,257256,293.729741262,861,D,W,706443264,2048,[kworker/5:1H]
259,2,5,257260,293.729971898,861,D,W,706445312,2048,[kworker/5:1H]
259,2,5,257264,293.730048791,861,D,W,706447360,2048,[kworker/5:1H]
259,2,5,257268,293.730126108,861,D,W,706449408,2048,[kworker/5:1H]
259,2,5,257272,293.730202525,861,D,W,706451456,2048,[kworker/5:1H]
259,2,5,257276,293.730279365,861,D,W,706453504,2048,[kworker/5:1H]
259,2,5,257280,293.730312457,861,D,W,706455552,808,[kworker/5:1H]
259,2,7,296026,328.779807685,945,D,W,0,8,[kworker/7:1H]
259,2,7,296312,329.306210948,945,D,W,357970952,248,[kworker/7:1H]
259,2,8,287079,329.310328583,5350,D,W,497020160,72,[kworker/8:1H]
259,2,9,461959,359.357281228,5399,D,W,0,8,[kworker/9:1H]
259,2,9,462246,359.357508056,5399,D,W,497020232,184,[kworker/9:1H]
259,2,9,462275,359.357549828,5399,D,W,470670336,104,[kworker/9:1H]
259,2,5,683572,394.411604492,861,D,W,0,8,[kworker/5:1H]
259,2,5,683785,395.266894525,861,D,W,470670432,160,[kworker/5:1H]
259,2,5,683791,395.266911716,861,D,W,146158592,88,[kworker/5:1H]
259,2,5,767185,430.337444841,861,D,W,146158680,168,[kworker/5:1H]
259,2,5,767189,430.337455609,861,D,W,390538496,64,[kworker/5:1H]
259,2,23,620102,465.387822112,11921,D,W,0,8,[kworker/23:1H]
259,2,23,620368,465.458193462,11921,D,W,390538552,200,[kworker/23:1H]
259,2,23,620465,465.459205219,11921,D,W,172899840,96,[kworker/23:1H]
259,2,10,937475,500.568329971,5211,D,W,172899936,160,[kworker/10:1H]
259,2,10,937508,500.568380151,5211,D,W,185205504,72,[kworker/10:1H]
259,2,10,937517,500.568391341,5211,D,W,172899928,8,[kworker/10:1H]
259,2,16,897840,530.936271298,1050,D,W,185205576,184,[kworker/16:1H]
259,2,3,947328,530.936297077,950,D,W,694577920,8,[kworker/3:1H]
259,2,16,969815,566.380510676,1050,D,W,694577928,248,[kworker/16:1H]
259,2,8,1135544,566.382994343,5350,D,W,820917504,24,[kworker/8:1H]
259,2,5,1250549,596.453547673,861,D,W,820917528,224,[kworker/5:1H]
259,2,27,1065457,631.514992612,672,D,W,820917752,8,[kworker/27:1H]
259,2,27,1065468,631.515060717,672,D,W,820917744,16,[kworker/27:1H]
259,2,27,1065469,631.515062924,672,D,W,304330240,256,[kworker/27:1H]
259,2,27,1065470,631.515063380,672,D,W,583736832,16,[kworker/27:1H]
259,2,27,1127838,666.571014050,672,D,W,583736848,240,[kworker/27:1H]
259,2,27,1127839,666.571014489,672,D,W,201000704,8,[kworker/27:1H]
259,2,27,1127840,666.571014793,672,D,W,583736840,8,[kworker/27:1H]
259,2,13,1408752,670.868439346,860,D,W,443154856,16,[kworker/13:1H]
259,2,1,1294991,681.267544594,1062,D,W,442106280,16,[kworker/1:1H]
259,2,9,1509023,684.093854366,5399,D,W,464912816,16,[kworker/9:1H]
259,2,0,1446578,692.122159526,388,D,W,482082808,8,[kworker/0:1H]
259,2,14,1429865,700.362249196,10919,D,W,533987280,48,[kworker/14:1H]
259,2,1,1356714,701.654568613,1062,D,W,201000704,232,[kworker/1:1H]
259,2,5,1731753,736.714982618,861,D,W,201000936,24,[kworker/5:1H]
259,2,19,1517562,736.715028042,859,D,W,201000936,24,[kworker/19:1H]
259,2,19,1517567,736.715060735,859,D,W,657612544,256,[kworker/19:1H]
259,2,19,1517571,736.715071693,859,D,W,500315136,16,[kworker/19:1H]
259,2,7,1767631,771.771024621,945,D,W,500315152,240,[kworker/7:1H]
259,2,7,1767635,771.771039629,945,D,W,130692352,24,[kworker/7:1H]
259,2,7,1767639,771.771045991,945,D,W,500315144,8,[kworker/7:1H]
259,2,24,1673682,806.893720034,11923,D,W,130692368,240,[kworker/24:1H]
259,2,8,1853739,808.033880452,5350,D,W,722024648,56,[kworker/8:1H]
259,2,24,1674020,810.482042463,11923,D,W,790509160,56,[kworker/24:1H]
259,2,10,1961563,832.443505147,5211,D,W,769130464,32,[kworker/10:1H]
259,2,11,2035442,836.939007396,4211,D,W,722024704,232,[kworker/11:1H]
259,2,7,2020366,871.994999972,945,D,W,722024936,24,[kworker/7:1H]
259,2,7,2020377,871.995080640,945,D,W,722024936,24,[kworker/7:1H]
259,2,7,2020378,871.995082649,945,D,W,182166784,248,[kworker/7:1H]
259,2,7,2020379,871.995083115,945,D,W,722024928,8,[kworker/7:1H]
259,2,5,2142807,897.035704437,861,D,W,0,8,[kworker/5:1H]
259,2,5,2165330,907.050998824,861,D,W,182167032,8,[kworker/5:1H]
259,2,12,2087963,907.051035903,8213,D,W,182167024,16,[kworker/12:1H]
259,2,12,2087968,907.051073869,8213,D,W,452343552,240,[kworker/12:1H]
259,2,5,2270804,942.106982230,861,D,W,452343792,16,[kworker/5:1H]
259,2,5,2270821,942.201912381,861,D,W,452343784,24,[kworker/5:1H]
259,2,5,2270822,942.201913735,861,D,W,964603136,256,[kworker/5:1H]
259,2,5,2270823,942.201914152,861,D,W,636184832,16,[kworker/5:1H]
259,2,8,2317407,977.258988769,5350,D,W,636184848,240,[kworker/8:1H]
259,2,8,2317411,977.258995713,5350,D,W,456012800,8,[kworker/8:1H]
259,2,8,2317415,977.258999590,5350,D,W,636184840,8,[kworker/8:1H]
259,2,10,2366778,991.497868902,5211,D,W,808321448,16,[kworker/10:1H]
259,2,3,2164257,1004.452870185,950,D,W,929693696,40,[kworker/3:1H]
259,2,8,2423673,1012.315000676,5350,D,W,456012800,216,[kworker/8:1H]
259,2,7,2471406,1047.370985096,945,D,W,456013016,40,[kworker/7:1H]
259,2,7,2471420,1047.474919168,945,D,W,456013008,48,[kworker/7:1H]
259,2,7,2471421,1047.474920383,945,D,W,87687168,248,[kworker/7:1H]
259,2,4,2559537,1082.522985570,862,D,W,87687416,8,[kworker/4:1H]
259,2,4,2559554,1082.614321229,862,D,W,87687416,8,[kworker/4:1H]
259,2,4,2559555,1082.614322859,862,D,W,848967424,256,[kworker/4:1H]
259,2,4,2559556,1082.614323176,862,D,W,87687408,8,[kworker/4:1H]
259,2,4,2626820,1112.667016381,862,D,W,88473856,256,[kworker/4:1H]
259,2,4,2626824,1112.667024808,862,D,W,676588032,16,[kworker/4:1H]
259,2,5,2751710,1137.707750277,861,D,W,0,8,[kworker/5:1H]
259,2,6,2684226,1147.883848238,684,D,W,676588040,248,[kworker/6:1H]
259,2,10,2832886,1167.852796794,5211,D,W,929693696,40,[kworker/10:1H]
259,2,11,2918257,1182.939010519,4211,D,W,309612800,248,[kworker/11:1H]
259,2,11,2918258,1182.939011304,4211,D,W,676588280,8,[kworker/11:1H]
259,2,5,2984288,1217.995004073,861,D,W,309613048,8,[kworker/5:1H]
259,2,5,2984293,1217.995035793,861,D,W,309613040,16,[kworker/5:1H]
259,2,5,2984298,1217.995066575,861,D,W,998753536,256,[kworker/5:1H]
259,2,5,2984302,1217.995077352,861,D,W,697709568,16,[kworker/5:1H]
